date,rets,rv,bv
2013-12-16,6.705001369028127e-6,5.74071277108261e-5,2.247214401439416e-5
2013-12-17,1.2204182981094439e-5,2.0542508978060457e-5,1.3426216552505879e-5
2013-12-18,2.229007323251935e-5,0.00014243023744307497,9.973809687227646e-5
2013-12-19,9.624645759474547e-6,1.2111636831032713e-5,1.3659995701123183e-5
2013-12-20,3.196836356471804e-6,1.5159759719257607e-5,9.084113017918571e-6
2013-12-23,2.958169309338979e-6,1.1728363406192034e-5,5.8699284573346285e-6
2013-12-24,2.708004756221747e-7,1.5854609729140063e-6,1.056040013155994e-6
2013-12-26,9.779609523695808e-7,4.322466084021044e-6,2.391003535028416e-6
2013-12-27,2.7975878772634045e-6,4.3488636552243426e-6,5.55750145401862e-6
2013-12-30,1.6513274183134464e-6,3.3386855814385623e-6,3.1208881574370967e-6
2013-12-31,2.511079371957507e-6,8.685152130171357e-6,6.822062884381766e-6
2014-01-02,2.3717003918997553e-5,4.243363010455983e-5,3.0151772140156687e-5
2014-01-03,8.923955972304373e-6,1.708956947153033e-5,1.514624773036983e-5
2014-01-06,1.6042182249884756e-5,2.3213612740573862e-5,2.0484672097899662e-5
2014-01-07,3.527115055425301e-6,1.91320829235766e-5,1.2266841374031511e-5
2014-01-08,1.4848260675916488e-5,2.167707802317974e-5,2.110221416144608e-5
2014-01-09,1.036356383402974e-5,2.1170222185581073e-5,1.0157363845245636e-5
2014-01-10,9.267499558197515e-6,2.128327732998149e-5,1.2636545967815302e-5
2014-01-13,1.6742689657647488e-5,2.4983493785790815e-5,2.328860422275289e-5
2014-01-14,4.918323666364166e-6,2.2859099296473915e-5,1.9709760812313164e-5
2014-01-15,4.717391093612874e-6,1.9126231462423317e-5,1.2395619897872216e-5
2014-01-16,8.30581822493315e-6,1.4416642257845013e-5,1.2796236105692757e-5
2014-01-17,8.601599562589522e-6,1.142773590743199e-5,7.631127387436756e-6
2014-01-21,1.7925307661689462e-5,3.789634676285531e-5,2.4611629332300488e-5
2014-01-22,4.748472469540297e-6,1.0529412390487685e-5,9.067111983069442e-6
2014-01-23,4.093899487810416e-5,6.573026711869738e-5,3.382831206392277e-5
2014-01-24,7.042653362031828e-5,8.296410585020673e-5,5.260543655320804e-5
2014-01-27,3.3868315343268684e-5,7.30343534039958e-5,7.854100790332123e-5
2014-01-28,1.1866309730143046e-5,2.3419987453043453e-5,2.3430572276241712e-5
2014-01-29,7.710029265625843e-5,0.00011913113557761779,7.668618484529058e-5
2014-01-30,9.154477031170061e-6,6.846092053359292e-5,2.4972390158383588e-5
2014-01-31,9.488553849216298e-5,0.00015106079575982238,6.211242758365088e-5
2014-02-03,7.173545726805463e-5,0.00010548680849835468,9.422987228119512e-5
2014-02-04,2.4858615610075613e-5,5.7537065726088656e-5,6.248700964125958e-5
2014-02-05,4.342138343607456e-5,5.8223864466080325e-5,8.973058778806735e-5
2014-02-06,5.961844359881201e-6,3.928576416847189e-5,2.25333218633315e-5
2014-02-07,1.1356457163861245e-5,5.040129094835823e-5,3.055552410953121e-5
2014-02-10,5.366254470276371e-6,1.0345667653619324e-5,9.515219503290913e-6
2014-02-11,3.701032299469813e-6,1.8008929925037084e-5,1.519442062034626e-5
2014-02-12,1.1124641420817583e-5,1.9448880382222087e-5,2.2365253618045717e-5
2014-02-13,1.1466361440693586e-5,2.136664845201023e-5,1.3493971260414691e-5
2014-02-14,5.846839668580977e-6,1.0344714091142716e-5,1.6336569937403483e-5
2014-02-18,6.974197161346182e-6,1.2317965247818358e-5,1.3239027079945885e-5
2014-02-19,1.7236316235929867e-5,3.3312231886419214e-5,2.4019918368831043e-5
2014-02-20,8.56461788362708e-6,2.4201705832064604e-5,2.26913601970988e-5
2014-02-21,9.376859809526836e-6,1.7699104615153144e-5,1.5424693895747627e-5
2014-02-24,9.952716990277107e-6,4.118614141235939e-5,2.151710798766322e-5
2014-02-25,1.5971590610450408e-5,2.691194248129906e-5,2.6225525258799265e-5
2014-02-26,1.6904135117124564e-5,2.91301701299684e-5,2.2521438973919795e-5
2014-02-27,1.3365760097392405e-5,2.213042582943631e-5,2.3243826658949536e-5
2014-02-28,1.9424572527956924e-5,3.874951894962713e-5,3.611357514243325e-5
2014-03-03,5.960348571102739e-5,5.762554066755114e-5,5.6132893316638934e-5
2014-03-04,7.769273495773627e-6,9.597525009262397e-5,2.3622597335438672e-5
2014-03-05,9.975523401904397e-6,1.1816251108237533e-5,1.4727625404964017e-5
2014-03-06,5.294877707487907e-6,2.1291693702364506e-5,1.1464469550770437e-5
2014-03-07,1.7633273026220527e-5,2.7943629732141602e-5,2.6816270242883768e-5
2014-03-10,1.2748762267065072e-5,2.2010725314864912e-5,1.453385512276779e-5
2014-03-11,1.5475129110262852e-5,2.3720971226525653e-5,2.4551981882227047e-5
2014-03-12,2.9693196642513398e-5,3.904564005053062e-5,3.4060731797272176e-5
2014-03-13,3.476110447067816e-5,5.189916232786634e-5,4.8075079656663064e-5
2014-03-14,2.2300400969860318e-5,4.4823426834247317e-5,4.913035414145114e-5
2014-03-17,9.181387727401682e-6,8.489139113895869e-5,4.179122126474704e-5
2014-03-18,6.524862786827915e-6,2.3262438513667864e-5,2.248672867925133e-5
2014-03-19,4.689090795534083e-5,7.566331005869795e-5,2.9611850170622333e-5
2014-03-20,9.640599838114252e-6,3.108475927774854e-5,2.351658797548455e-5
2014-03-21,2.0315168715594224e-5,4.644747526985736e-5,3.762586510963557e-5
2014-03-24,2.921870626381148e-5,4.239680924411726e-5,4.635978965000864e-5
2014-03-25,1.3610164055030194e-5,4.70214507495693e-5,3.107705109137041e-5
2014-03-26,2.142721376003993e-5,4.994641585290062e-5,2.811249868344302e-5
2014-03-27,3.432070583178586e-5,6.81139288393934e-5,7.018280274843085e-5
2014-03-28,1.005556256229067e-5,5.44423210970027e-5,3.077786050403056e-5
2014-03-31,8.438687617358804e-6,6.088959598057708e-5,2.4173243030642225e-5
2014-04-01,5.565031082199898e-6,1.7511971355323154e-5,1.3102191238043489e-5
2014-04-02,6.801594369787026e-6,1.640016129398738e-5,1.2729353889012793e-5
2014-04-03,8.008040536120406e-6,1.4871944472819007e-5,1.2696870604024712e-5
2014-04-04,3.6764128725943495e-5,7.136362234255461e-5,5.353849887077813e-5
2014-04-07,3.220499074035767e-5,5.997230785886937e-5,5.51169380067854e-5
2014-04-08,1.698827285425648e-5,4.89663477626643e-5,4.002391149306137e-5
2014-04-09,6.248671598329683e-6,3.428304570361805e-5,2.4554876398649147e-5
2014-04-10,5.3918029630204135e-5,9.007866674500757e-5,7.081055509343482e-5
2014-04-11,6.178744658907556e-5,8.151694225559179e-5,8.439800933728702e-5
2014-04-14,2.0798181507752187e-5,7.603661036283837e-5,4.260700124910871e-5
2014-04-15,3.44509419416056e-5,9.319055431486284e-5,8.663460293083782e-5
2014-04-16,1.4074155064631955e-5,3.3515103405515616e-5,3.083617201297135e-5
2014-04-17,1.0860239615540591e-5,1.6860450956357476e-5,2.219204476980835e-5
2014-04-21,4.646650493639422e-6,1.4371460776870742e-5,1.06728411533816e-5
2014-04-22,3.996808209312706e-6,9.954634665451458e-6,9.760130523451954e-6
2014-04-23,8.11456968614471e-6,1.153078335058338e-5,1.0755621157972663e-5
2014-04-24,2.0649321133450183e-5,4.718290652661028e-5,4.275198169699982e-5
2014-04-25,2.291656312231007e-5,3.4945995125677145e-5,2.852769575664342e-5
2014-04-28,3.1030061601684256e-5,6.940091994033224e-5,7.122947719820947e-5
2014-04-29,7.783464806984939e-6,2.3867730803396318e-5,1.6561539008100173e-5
2014-04-30,1.0308421593588035e-5,1.4517220345659326e-5,2.750661159329549e-5
2014-05-01,1.0374377585594055e-5,2.2794561852652994e-5,2.2589168576911216e-5
2014-05-02,1.7645911469244455e-5,4.0450731193548316e-5,2.996601804447538e-5
2014-05-05,3.831398671545641e-5,5.4261120738748244e-5,1.8523433326548406e-5
2014-05-06,1.9359629319593526e-5,2.8752298911745587e-5,2.2426631769782656e-5
2014-05-07,3.7384412378961836e-5,5.1411080558816426e-5,7.491637470585312e-5
2014-05-08,1.2694811350453188e-5,2.605947381263344e-5,2.910730681972554e-5
2014-05-09,1.510101989797693e-5,2.8778055156331133e-5,3.085097292055099e-5
2014-05-12,2.287193058797071e-6,2.3338065893567992e-5,6.996895789086038e-6
2014-05-13,5.048915644754165e-6,9.788884768340693e-6,8.903970640675665e-6
2014-05-14,1.0716002058222128e-5,1.7707401123069786e-5,1.2708303202222882e-5
2014-05-15,3.1530491894409995e-5,5.9562208034520325e-5,4.9444450054595204e-5
2014-05-16,9.791619583118128e-6,2.819357224940939e-5,2.089273001699656e-5
2014-05-19,4.01718706139094e-6,9.316748757575704e-6,9.672159035773567e-6
2014-05-20,1.663143014807776e-5,2.9359176742979855e-5,2.0109222926441945e-5
2014-05-21,5.130818301787385e-6,2.8420443501745696e-5,2.0336147055603033e-5
2014-05-22,3.202814911795297e-6,1.0623233985001826e-5,9.229275415956903e-6
2014-05-23,1.1676087642304777e-6,2.431938369809606e-6,4.169197886587045e-6
2014-05-27,2.906903787161741e-6,1.346984833468561e-5,1.068433062598266e-5
2014-05-28,4.602488374651114e-6,9.838910071722219e-6,9.42743709484627e-6
2014-05-29,3.114049650605471e-6,1.2177902523317556e-5,7.189357608227499e-6
2014-05-30,4.721686327447141e-6,9.424504568024406e-6,6.429648493237278e-6
2014-06-02,7.722419973967956e-6,1.788246066225607e-5,1.755051946357112e-5
2014-06-03,5.330594731297063e-6,5.962099647800857e-6,7.712543287979705e-6
2014-06-04,3.638777213704619e-6,6.335588557001219e-6,7.499655401874777e-6
2014-06-05,5.032036721859773e-6,1.5656658639920748e-5,1.4135522897555788e-5
2014-06-06,1.8213150946263977e-6,7.989118883101679e-6,6.678664819814593e-6
2014-06-09,3.6541286414458874e-6,7.495919651924706e-6,6.51677568828942e-6
2014-06-10,4.4583192644821665e-6,9.208519230173569e-6,1.0130927041836897e-5
2014-06-11,1.2953399482791591e-5,1.3683676276522925e-5,1.0072743587017792e-5
2014-06-12,1.1684985632415828e-5,1.901318555409292e-5,1.5906913282216203e-5
2014-06-13,7.179213521297506e-6,1.9854928089618795e-5,1.7684871321290532e-5
2014-06-16,8.336105672504915e-6,1.695864230105825e-5,1.4384988137465118e-5
2014-06-17,6.7708841650098306e-6,1.5278402045571404e-5,1.2653562146729611e-5
2014-06-18,4.86593282014429e-6,1.585587273769151e-5,1.5252070193374654e-5
2014-06-19,4.393224982229275e-6,7.573620234814183e-6,8.289585445577044e-6
2014-06-20,2.173491977746955e-6,4.22315948051273e-6,5.100923037425321e-6
2014-06-23,4.067471298810198e-6,4.761518880083334e-6,5.448782039648277e-6
2014-06-24,1.1552470623255643e-5,2.5129125568096397e-5,1.909029889003614e-5
2014-06-25,4.999781764144541e-6,1.1010331148582246e-5,1.4574531429520891e-5
2014-06-26,1.5988575051951187e-5,3.3213803520265924e-5,1.8711307789184213e-5
2014-06-27,6.114064282950696e-6,1.2303684783881664e-5,9.516402954284179e-6
2014-06-30,3.629632745059432e-6,6.881102348576032e-6,7.055392019786936e-6
2014-07-01,3.204606482616522e-6,1.4189693067906004e-5,8.068987535493966e-6
2014-07-02,3.6117442500933785e-6,3.7376054725659666e-6,5.832307367456801e-6
2014-07-03,1.1921538000108216e-6,8.607884353274807e-6,3.899484258576179e-6
2014-07-07,9.959990345495615e-6,1.2499324156071795e-5,7.5500175108403066e-6
2014-07-08,2.251925333340785e-5,2.9720525803486346e-5,2.4284850543140126e-5
2014-07-09,6.1086085036336165e-6,2.5871512010106147e-5,1.3431386339027205e-5
2014-07-10,4.546130051747846e-5,4.738487135368698e-5,2.524905478915842e-5
2014-07-11,5.994282659957351e-6,1.4885494607140234e-5,1.1534663878913508e-5
2014-07-14,1.9134968951381242e-6,1.5197095910911165e-5,4.925833309770118e-6
2014-07-15,1.7350539546119413e-5,3.276530323063072e-5,2.597119607144642e-5
2014-07-16,4.901800455592605e-6,1.6669449569773664e-5,9.561782941636349e-6
2014-07-17,2.897536989252696e-5,3.4096301182587205e-5,3.6477237462224366e-5
2014-07-18,2.743594217716721e-6,1.9933721469469593e-5,9.436538191111657e-6
2014-07-21,1.0945505683921101e-5,2.3956513881726823e-5,1.3695516739341605e-5
2014-07-22,2.343565733669457e-6,1.3767033873824073e-5,6.108383547880875e-6
2014-07-23,2.809994126806945e-6,5.171850251169916e-6,6.469558463470306e-6
2014-07-24,3.704350092099689e-6,7.836259787276958e-6,7.207859392928738e-6
2014-07-25,1.2842473033345426e-5,1.3402592342734444e-5,1.4688261593375263e-5
2014-07-28,1.1096601690881313e-5,2.4582146619102377e-5,1.7261034642020534e-5
2014-07-29,1.3804683061935646e-5,2.187211625455009e-5,1.7643355306284327e-5
2014-07-30,1.6159289873099522e-5,3.20550773454153e-5,3.2186965765787186e-5
2014-07-31,5.8565632043795474e-5,7.651496044432987e-5,5.8872427728569836e-5
2014-08-01,3.10598296055623e-5,6.145263499925014e-5,6.93623908133635e-5
2014-08-04,9.407139688132269e-6,2.4307470390872652e-5,1.868504991556486e-5
2014-08-05,5.4374109946770877e-5,6.398929094462904e-5,7.150556965771175e-5
2014-08-06,2.101219227116896e-5,5.2301111950682136e-5,4.0767664707831174e-5
2014-08-07,2.852381305739885e-5,4.635309698185399e-5,4.898507867012294e-5
2014-08-08,6.6004750662052705e-6,2.5564055502893003e-5,2.508338628506325e-5
2014-08-11,5.760787729101161e-6,1.9292087261453096e-5,1.0193006142333636e-5
2014-08-12,1.1822958691833965e-5,1.9412765219723558e-5,1.661738223299934e-5
2014-08-13,3.692773123040358e-6,2.1289107809554963e-5,1.091340114175208e-5
2014-08-14,2.091234936933788e-6,8.759581485984425e-6,5.732770964559806e-6
2014-08-15,3.500644751792336e-5,4.791570258021344e-5,4.681269146527044e-5
2014-08-18,1.1935385673161437e-6,2.0905860828822718e-5,5.8926392243985605e-6
2014-08-19,9.473878651042466e-7,4.95587321554001e-6,4.358930612454901e-6
2014-08-20,4.608262449125604e-6,7.37883715921343e-6,7.5018799105977455e-6
2014-08-21,3.455928627153728e-6,1.0612896640388374e-5,8.133316661586426e-6
2014-08-22,9.841828633858386e-6,1.7285053894474026e-5,1.2724359773208125e-5
2014-08-25,2.350664647485923e-6,1.2105246004782742e-5,3.942401510350096e-6
2014-08-26,2.3120022284235085e-6,5.790066646570357e-6,3.226303536811321e-6
2014-08-27,3.6592224625991377e-6,4.537577669228053e-6,4.979460011733014e-6
2014-08-28,1.1762427181153674e-5,1.7635302050286817e-5,7.578140210393689e-6
2014-08-29,2.867273652877941e-6,6.359918306003861e-6,5.635183544550179e-6
2014-09-02,8.255745382979992e-6,1.0497587561274682e-5,1.2242298077918873e-5
2014-09-03,5.610738148227323e-6,1.0084900530193056e-5,9.048509387903478e-6
2014-09-04,8.463877907035098e-6,1.876858407695545e-5,1.5144378085374961e-5
2014-09-05,8.820464735697906e-6,2.5746764323764663e-5,1.9501304522251777e-5
2014-09-08,9.50586522372683e-6,9.84455350227833e-6,1.3742848881880496e-5
2014-09-09,1.819269513258489e-5,3.4062300568479035e-5,2.2693049377788636e-5
2014-09-10,9.977100090521394e-6,2.5027599490103456e-5,2.3618215304874705e-5
2014-09-11,8.513892512188704e-6,1.8125172370863124e-5,1.6387278634009417e-5
2014-09-12,1.4089755982361389e-5,2.010402440323389e-5,2.334847374939862e-5
2014-09-15,1.064442010817897e-5,1.837147142141859e-5,1.382182895128267e-5
2014-09-16,4.142988426988795e-6,2.2015567872991017e-5,1.6310967328837333e-5
2014-09-17,2.8110043707439157e-5,3.212985546000316e-5,5.534542510111666e-5
2014-09-18,4.3219682960429095e-6,1.2261345388826072e-5,1.0593334869975077e-5
2014-09-19,8.743405743107423e-6,2.0797225707051283e-5,1.1711321684852555e-5
2014-09-22,1.3076654217434574e-5,2.2336790462572538e-5,1.5186064876442888e-5
2014-09-23,1.5872599498459867e-5,2.0853631146390615e-5,2.294966652238917e-5
2014-09-24,5.9680675465292985e-6,2.0704091047299454e-5,1.6909992655596505e-5
2014-09-25,3.634100414183311e-5,5.61352724321015e-5,4.770518755137173e-5
2014-09-26,8.675421618967277e-6,2.666844364814311e-5,2.5230969171347482e-5
2014-09-29,6.577868171242834e-5,7.048556987439676e-5,3.885020531756524e-5
2014-09-30,2.1396622062260728e-5,3.8161110388113726e-5,3.5792731226726825e-5
2014-10-01,4.467404757553631e-5,8.04565279133626e-5,5.714583746399073e-5
2014-10-02,2.8845094871426456e-5,5.4874713472297684e-5,5.563654260239863e-5
2014-10-03,1.3328438209753688e-5,4.563502085625537e-5,5.172406791534484e-5
2014-10-06,1.889303145463999e-5,4.4310801610935075e-5,3.4473708435098264e-5
2014-10-07,6.0401326310898495e-5,7.07978729890113e-5,4.1560605176953094e-5
2014-10-08,2.2224039797448996e-5,8.543922584062079e-5,7.873080655401069e-5
2014-10-09,6.99591912372771e-5,0.00011048624145321259,0.00011923372807857519
2014-10-10,5.949475787063572e-5,0.00011016837778780242,0.0001124754356064445
2014-10-13,8.625544988852336e-5,0.00014967990273099583,0.00013789259699724507
2014-10-14,6.789907648997186e-5,0.0001391496041029997,0.00012817712099443126
2014-10-15,0.0003335875833523421,0.0007159725847887393,0.00042691533542780607
2014-10-16,0.00015836147996832134,0.00021530471335784473,0.00022431912618989702
2014-10-17,3.471063906385042e-5,0.0001278689295996526,8.093270501904526e-5
2014-10-20,1.4602344056800899e-5,2.817023239584316e-5,4.559409077634284e-5
2014-10-21,5.909049814707502e-6,5.298647449113594e-5,2.5862065083106243e-5
2014-10-22,3.063400204530015e-5,5.4862732931911015e-5,5.408039024626356e-5
2014-10-23,2.10865215959381e-5,0.00011055760772236701,4.576159090455529e-5
2014-10-24,1.2114005288892079e-5,3.877625324024155e-5,2.567836232283846e-5
2014-10-27,2.065897419288521e-5,3.57748791343148e-5,3.114379691361384e-5
2014-10-28,4.527504914654334e-6,2.7300102763519668e-5,1.4745793511603105e-5
2014-10-29,2.5297403938735507e-5,6.987153675156501e-5,5.004811843589902e-5
2014-10-30,1.4209212720226347e-5,3.561427087442031e-5,2.783775161286767e-5
2014-10-31,6.668373918346913e-6,5.391759755961885e-5,1.59676272891706e-5
2014-11-03,1.1482934177325754e-5,1.872653629941716e-5,2.096367725794811e-5
2014-11-04,1.4928918259540874e-5,2.6370884387238247e-5,2.382121755861979e-5
2014-11-05,1.1648363891907183e-5,2.4871617736719643e-5,2.5232570359606e-5
2014-11-06,7.2144237029311735e-6,1.6824665541426193e-5,1.6446432484248414e-5
2014-11-07,1.1456519650084385e-5,1.3662703495738123e-5,1.7758759067719554e-5
2014-11-10,2.744033304688691e-6,7.870645526835766e-6,6.770896883815479e-6
2014-11-11,3.6325545928759365e-6,5.965237079642016e-6,5.459170054721328e-6
2014-11-12,1.070694810939193e-5,1.3740584270821548e-5,1.1386280358862239e-5
2014-11-13,1.497668569434226e-5,2.8525066882960056e-5,2.3716027321282655e-5
2014-11-14,5.145223192002697e-6,1.0699671791992498e-5,8.92811801096336e-6
2014-11-17,6.048423141486442e-6,1.3469249572192303e-5,1.3382476153346701e-5
2014-11-18,2.416869108670257e-6,1.1140382352212403e-5,7.9694552739128e-6
2014-11-19,1.5912898722852265e-5,1.8004974470052352e-5,1.898792745217701e-5
2014-11-20,7.922678420931674e-6,1.4384055472013994e-5,9.015407896225405e-6
2014-11-21,6.695254658584054e-6,5.4692904729964887e-5,2.2551771092848835e-5
2014-11-24,2.6915966683844924e-6,9.869862324597592e-6,4.5162404269789956e-6
2014-11-25,4.928231824018564e-6,1.1022810060889956e-5,7.933695678395617e-6
2014-11-26,1.5454947451239e-6,2.8271192204784866e-6,3.820212766511289e-6
2014-11-28,6.458009903600467e-6,1.1396344908221593e-5,5.535574156863173e-6
2014-12-01,2.3414478904811078e-5,4.3154768914826e-5,2.9266441403760156e-5
2014-12-02,3.2260015404345455e-6,1.6172681143744462e-5,1.0702957764492124e-5
2014-12-03,2.554991260999741e-6,6.461770673548222e-6,5.658668960012354e-6
2014-12-04,8.989238540860797e-6,1.7582199174267105e-5,1.4614881028867197e-5
2014-12-05,5.4952888584529896e-6,1.3730885016209929e-5,1.1071304160732397e-5
2014-12-08,2.1746814117944772e-5,2.958391221957746e-5,3.012473981010472e-5
2014-12-09,7.95397083571385e-5,0.00011035315849693391,3.933200479990275e-5
2014-12-10,5.197304648062007e-5,7.610929101236647e-5,4.993804791587909e-5
2014-12-11,2.4526375843407024e-5,9.69524869866718e-5,5.784340964892134e-5
2014-12-12,5.3788037828337624e-5,7.85193157032014e-5,8.255320429076929e-5
2014-12-15,7.309447722960006e-5,0.00014983781560339352,0.00012392709672718363
2014-12-16,7.25280181796978e-5,0.00016281276978345144,0.0001363701724244035
2014-12-17,4.5693712812794045e-5,0.0001593540880201899,0.00015883159749732832
2014-12-18,1.2831367683274018e-5,0.00014918787873710715,5.9797152843319364e-5
2014-12-19,1.4846939734994297e-5,2.9682123589447952e-5,3.41470630429821e-5
2014-12-22,4.24403686829217e-6,8.584565101728264e-6,1.1310882047647502e-5
2014-12-23,5.320515145017215e-6,1.0828159055881847e-5,6.010244659773405e-6
2014-12-24,2.5325682244110643e-6,4.043344915054368e-6,3.344267325719908e-6
2014-12-26,1.5818848820605786e-6,8.140034028117006e-6,4.768278383179504e-6
2014-12-29,2.10746545552288e-6,5.730923404145714e-6,5.093844668054782e-6
2014-12-30,6.166088077864032e-6,7.159443332064137e-6,8.105162500168953e-6
2014-12-31,1.895677382813267e-5,2.9213711244721355e-5,1.9468142505495618e-5
2015-01-02,3.530735208928252e-5,9.337030792944454e-5,6.849415915266708e-5
2015-01-05,5.217263569182794e-5,7.557303022737387e-5,6.655362756019715e-5
2015-01-06,6.451953616917912e-5,0.00013161363346633583,0.00011604213480822888
2015-01-07,2.2811491787908047e-5,8.500931026843242e-5,5.544872191837535e-5
2015-01-08,6.360833639807618e-6,8.159514822276657e-5,2.6281900220527166e-5
2015-01-09,4.335442642306531e-5,5.724403027203043e-5,4.939983739807529e-5
2015-01-12,4.397961985894648e-5,7.726083791258349e-5,6.072051207592828e-5
2015-01-13,8.000285255059098e-5,0.00022195992459679708,0.00011818235594681601
2015-01-14,8.567284953775833e-5,0.00016241091742197952,9.920562043269331e-5
2015-01-15,5.780588071886929e-5,8.73783845207104e-5,9.790051861349908e-5
2015-01-16,1.7997964571168175e-5,6.911740402892953e-5,6.305996843182537e-5
2015-01-20,4.054228941691198e-5,6.996488424702754e-5,7.435745928597661e-5
2015-01-21,3.45503607404892e-5,6.65010332263546e-5,9.21846838063256e-5
2015-01-22,2.11267109942553e-5,7.102752009453348e-5,6.326105150661573e-5
2015-01-23,1.4844711360657154e-5,2.707424129510414e-5,2.5218008699289903e-5
2015-01-26,1.3753044869191921e-5,3.4320642167773875e-5,2.0218606948325392e-5
2015-01-27,8.199192146422622e-5,8.914050295500687e-5,5.122877474722099e-5
2015-01-28,5.8242533949831746e-5,8.69105479652315e-5,8.679263397460225e-5
2015-01-29,3.705811522399466e-5,7.279286493326465e-5,0.00010958517886695512
2015-01-30,5.750956905163891e-5,9.178456718990901e-5,8.902565648331722e-5
2015-02-02,4.67025950624027e-5,0.0001246005414660957,0.00011560898610795795
2015-02-03,1.720168085829735e-5,8.588165914275038e-5,4.3872761480843146e-5
2015-02-04,4.538686242254298e-5,5.234729235493411e-5,5.8630933663912107e-5
2015-02-05,7.447013810939388e-6,3.627919307354824e-5,2.0839905427251435e-5
2015-02-06,2.64497939781571e-5,3.8936933148340596e-5,4.27260479082598e-5
2015-02-09,1.8465310094827525e-5,3.6031906186656076e-5,3.556017399851607e-5
2015-02-10,1.2503355939147902e-5,3.971437894458272e-5,2.5246257894230356e-5
2015-02-11,1.4218204327312094e-5,2.7662084516139645e-5,2.1724437949415195e-5
2015-02-12,4.6620070207518985e-6,2.417393035297018e-5,1.4026702317125637e-5
2015-02-13,4.213240047069492e-6,1.2074753684526586e-5,9.85661873458793e-6
2015-02-17,8.498324141347897e-6,1.9088607488851796e-5,9.961642347044861e-6
2015-02-18,1.017425292772166e-5,1.5657231273305627e-5,1.608554614683958e-5
2015-02-19,1.5894883667357072e-5,1.7911075848295836e-5,9.572125951543038e-6
2015-02-20,8.611804483367766e-6,2.5695664651608948e-5,1.790349340472232e-5
2015-02-23,7.67545117127483e-6,1.2207248781085192e-5,7.057771878900303e-6
2015-02-24,4.080836594131834e-6,9.349634300713358e-6,8.400807242066397e-6
2015-02-25,6.585697573707672e-6,1.1904773628282133e-5,7.92320560070769e-6
2015-02-26,1.2304727377067098e-5,1.6324368421766214e-5,1.8493271177840614e-5
2015-02-27,8.046433487894283e-6,1.2331917318012904e-5,1.0623176228649274e-5
2015-03-02,2.0547506390533233e-6,7.78593871946436e-6,5.758324747440074e-6
2015-03-03,1.7286553853617916e-5,2.3682192659614985e-5,2.197019037139619e-5
2015-03-04,3.5957628680770415e-5,5.851079494163234e-5,2.875226189165834e-5
2015-03-05,5.610327372347133e-6,1.2069089690790645e-5,1.0736503572912829e-5
2015-03-06,4.2704622575354906e-5,5.578844205834278e-5,3.197685692326815e-5
2015-03-09,5.731062775316087e-6,1.348813595698928e-5,1.395633964425533e-5
2015-03-10,5.893092289353383e-5,8.635940511390968e-5,4.472330731832468e-5
2015-03-11,1.8678687841667375e-5,2.9501788852231432e-5,3.6948209679343935e-5
2015-03-12,3.4420517159999545e-6,5.2043677000335616e-5,2.0782531274353383e-5
2015-03-13,3.1902569351985534e-5,5.608150245863559e-5,5.645615408105721e-5
2015-03-16,3.7484525705262576e-6,3.221014442590316e-5,1.9561770682760913e-5
2015-03-17,2.669767590669113e-5,3.082794617560028e-5,2.1297497596977077e-5
2015-03-18,1.9546318692357686e-5,0.0001406340782763925,7.405776437513063e-5
2015-03-19,1.965870773460916e-5,3.1623746986426536e-5,2.2895409875876105e-5
2015-03-20,6.086820744483977e-6,4.740177916006187e-5,1.3404363145117893e-5
2015-03-23,8.130281640919272e-6,1.4881822727944083e-5,1.3226608721330668e-5
2015-03-24,1.3097740624583743e-5,2.225665250889279e-5,1.9375056043988596e-5
2015-03-25,3.578157268050188e-5,4.981118783326451e-5,4.9064699769803257e-5
2015-03-26,4.882186000644959e-5,6.265091731613007e-5,5.3073879287681936e-5
2015-03-27,1.552812452272614e-5,2.2918200670973443e-5,3.2985341286409456e-5
2015-03-30,3.759496158336402e-6,6.14797830654306e-5,2.2654924825427835e-5
2015-03-31,3.166713658426202e-5,3.439966963016579e-5,3.26625646742778e-5
2015-04-01,3.434715747889733e-5,6.817926305586217e-5,5.681130421185698e-5
2015-04-02,8.492431810467658e-6,3.092028802191457e-5,2.6200602118346247e-5
2015-04-06,1.1516662525631217e-5,2.9096737224947245e-5,2.5531972273658177e-5
2015-04-07,1.0133078887520703e-5,1.9986786914134238e-5,1.2688346485015137e-5
2015-04-08,2.180429192658827e-5,6.337150335209719e-5,4.924553125307618e-5
2015-04-09,1.4061340239924342e-5,2.9458333013143423e-5,2.4018856825779706e-5
2015-04-10,2.188078782267053e-6,7.487864543587427e-6,6.843869245318196e-6
2015-04-13,6.939502884312446e-6,1.343535299682466e-5,1.1774113848628298e-5
2015-04-14,1.1779054430869089e-5,2.7085548348402816e-5,2.1328492719313554e-5
2015-04-15,5.5291595633036845e-6,2.8903553852765114e-5,1.4585144179188057e-5
2015-04-16,9.551541934463736e-6,1.58377500040234e-5,1.52970387126515e-5
2015-04-17,4.6498853071119754e-5,5.7291533249343144e-5,2.8142251722662912e-5
2015-04-20,3.6928891432775786e-6,3.888000694602798e-5,1.1194015265236422e-5
2015-04-21,1.0169218394906579e-5,1.55087825402263e-5,1.8654178932817566e-5
2015-04-22,7.99207714025609e-6,2.5690322334772832e-5,1.7382222922635474e-5
2015-04-23,8.320806869945913e-6,2.1845321011863916e-5,1.4218182399727634e-5
2015-04-24,3.4459461929541993e-6,9.005203929162175e-6,9.679626309290393e-6
2015-04-27,1.276658013476058e-5,2.5117074088324204e-5,2.3539707901744655e-5
2015-04-28,2.157178118381452e-5,3.634063861967895e-5,4.247719672258795e-5
2015-04-29,2.3292325278136345e-5,3.5479216355334205e-5,4.235717915989171e-5
2015-04-30,3.247010148369978e-5,4.9374009937295655e-5,4.706616954785145e-5
2015-05-01,7.863005326457165e-6,4.69264709423505e-5,1.9697280474025994e-5
2015-05-04,4.200057142636301e-6,1.613987293793655e-5,1.3399264830123925e-5
2015-05-05,2.1504237322639215e-5,3.316088961722532e-5,3.49172235527079e-5
2015-05-06,4.9966320915547875e-5,6.32296718867439e-5,8.182275598929421e-5
2015-05-07,1.3315988038948508e-5,3.419706064814332e-5,3.292678351437608e-5
2015-05-08,2.529297312638659e-6,6.777283591039939e-5,1.2836552752456295e-5
2015-05-11,1.0996811339891872e-5,1.402387102618473e-5,1.6401881208154838e-5
2015-05-12,4.553754488952505e-5,6.515457936352526e-5,4.5761944892220854e-5
2015-05-13,1.3663239679403824e-5,3.818961917520071e-5,2.4777642105001575e-5
2015-05-14,2.537064581457202e-6,2.854217811759105e-5,1.0239146259726474e-5
2015-05-15,7.2663082048185336e-6,7.850658251972796e-6,1.1946344043922893e-5
2015-05-18,1.683160296430962e-6,4.542225584170567e-6,4.823795590968814e-6
2015-05-19,5.77334637908089e-6,1.0046794678780254e-5,1.0136736117671874e-5
2015-05-20,9.4871299575047e-6,2.466164027209382e-5,1.478439959903406e-5
2015-05-21,3.2878662645749155e-6,9.122531831950564e-6,7.835785274347439e-6
2015-05-22,6.56295693075307e-6,6.7918214304054585e-6,9.997855133014468e-6
2015-05-26,2.0917788108008937e-5,3.9132795776444066e-5,2.276685127352191e-5
2015-05-27,3.3759293477662294e-6,1.5655896787175923e-5,1.5356306745235197e-5
2015-05-28,1.2182060372844356e-5,2.345909888442352e-5,1.7682132549885152e-5
2015-05-29,1.776775459256322e-5,3.6879150460694255e-5,2.3919936490779898e-5
2015-06-01,1.8519725658868857e-5,3.637950067005829e-5,3.382679710262228e-5
2015-06-02,1.8534571591165315e-5,4.4798823368147304e-5,2.9314486548224908e-5
2015-06-03,6.631224297391545e-6,1.8357430896500763e-5,1.2971247686561165e-5
2015-06-04,2.8763539900862694e-5,4.119662035902525e-5,2.7392060180532278e-5
2015-06-05,1.697100926849014e-5,3.647118413883624e-5,2.940744368086897e-5
2015-06-08,9.772266038268293e-6,1.2161202822514562e-5,1.2991729485584186e-5
2015-06-09,1.1433968168658517e-5,1.918037369144089e-5,2.033319864746822e-5
2015-06-10,3.55966898989172e-6,4.373710106826763e-5,1.4676006623912847e-5
2015-06-11,7.027717810239098e-6,2.0319884647936157e-5,1.2308018745194566e-5
2015-06-12,1.9973377193811795e-5,3.842380201246653e-5,2.3129987027488233e-5
2015-06-15,7.166247702320474e-5,7.71425106697175e-5,3.118588836780594e-5
2015-06-16,6.837952686252787e-6,1.9996078300049363e-5,2.192028948854231e-5
2015-06-17,1.3178314262032368e-5,4.60990848319677e-5,2.91237816176331e-5
2015-06-18,5.767085139884638e-6,2.5920530241259346e-5,1.845393960877566e-5
2015-06-19,7.901382703449966e-6,1.4536138256140807e-5,8.7429218548518e-6
2015-06-22,6.1696105096665125e-6,2.9135819371140874e-5,2.3084476179882635e-5
2015-06-23,5.984824062071107e-6,8.094060618340472e-6,8.201219102283134e-6
2015-06-24,9.021855120857926e-6,1.2848311465603051e-5,1.0767664361596327e-5
2015-06-25,8.618168313258309e-6,1.4933857388456547e-5,1.7599063386114366e-5
2015-06-26,1.0941936676152676e-5,2.23791682991633e-5,2.37839539351838e-5
2015-06-29,6.400495107526956e-5,8.018623455510678e-5,3.855225947944269e-5
2015-06-30,2.5841180709834556e-5,7.901207411117178e-5,4.9034759767747656e-5
2015-07-01,1.6228611428071786e-5,6.935993757841336e-5,3.170909755627614e-5
2015-07-02,9.673009227436319e-6,2.19176829935067e-5,1.7858895458284837e-5
2015-07-06,6.630387514256735e-5,5.650553402837913e-5,4.9737295628860965e-5
2015-07-07,3.212054798950104e-5,7.437683660177144e-5,7.922255850967444e-5
2015-07-08,6.382938945044511e-5,8.509991326367339e-5,6.739973089910342e-5
2015-07-09,2.4429750298292398e-5,0.00015954513937708586,4.386040687102357e-5
2015-07-10,9.424854461253093e-6,0.00012942951479035831,2.0226952308580442e-5
2015-07-13,4.08584602641281e-6,4.713614086921287e-5,9.40397701746576e-6
2015-07-14,1.8136855928272328e-6,5.76765623657563e-6,5.281636285103348e-6
2015-07-15,7.233425282130455e-6,1.0750489112261234e-5,1.469336229812362e-5
2015-07-16,2.7346966478086497e-6,1.163396412293717e-5,1.0042669081780106e-5
2015-07-17,3.943851351181518e-6,6.440201070980216e-6,4.413044145438402e-6
2015-07-20,4.8496252069964964e-6,6.1278562666960635e-6,8.618517369437854e-6
2015-07-21,5.9583835021336805e-6,1.163336665781694e-5,9.68699303896867e-6
2015-07-22,1.3047537152081186e-5,1.905486739765177e-5,1.1164266800256445e-5
2015-07-23,1.071435264140714e-5,1.6014863728613896e-5,1.3021608785393663e-5
2015-07-24,1.3602495927525364e-5,2.10337053393941e-5,2.1777172632265903e-5
2015-07-27,4.150093870453355e-5,7.725123006345041e-5,4.4452688182669705e-5
2015-07-28,9.112988119994114e-6,3.1258382314028205e-5,2.743536283611258e-5
2015-07-29,7.454723030236613e-6,2.0473625454997502e-5,2.071831299269795e-5
2015-07-30,1.256266387775251e-5,2.7640199261863587e-5,2.1753060583195903e-5
2015-07-31,8.126789874959684e-6,1.5639468225503888e-5,1.2433308490597252e-5
2015-08-03,1.9405786303689272e-5,2.7276047283306056e-5,2.7091683049727516e-5
2015-08-04,1.2948827592553707e-5,2.5730181226621772e-5,2.0144782791656828e-5
2015-08-05,1.0313887481844534e-5,4.876602944448693e-5,2.4100702079706156e-5
2015-08-06,2.117027238959213e-5,3.7035407141156896e-5,2.8547195492995e-5
2015-08-07,1.9744536958021144e-5,3.344626242371219e-5,2.9483555509778567e-5
2015-08-10,2.644020619084203e-6,4.365731217558001e-5,1.0676981820919966e-5
2015-08-11,5.2567174537773516e-5,6.764507471000728e-5,3.446010106130865e-5
2015-08-12,7.805596116771086e-5,9.211753160126754e-5,7.737211278371003e-5
2015-08-13,2.154020334941167e-5,3.632870822844408e-5,2.9724687172929926e-5
2015-08-14,6.5308004461314616e-6,1.540572873672632e-5,1.4058522489490828e-5
2015-08-17,2.1216992304828877e-5,4.1301781570072235e-5,2.0084078848899126e-5
2015-08-18,8.842465262610483e-6,9.702416247489393e-6,1.2330523824454437e-5
2015-08-19,5.868756883977504e-5,0.0001161505048123634,7.383913997073686e-5
2015-08-20,9.451173132099757e-5,8.640615267113542e-5,8.084182589824572e-5
2015-08-21,0.00018335584728383314,0.00020679942479233626,0.00018958906026781048
2015-08-24,0.0028085046170262303,0.0024034389284778575,0.002159953456394711
2015-08-25,0.000291593361479116,0.0007467939755772164,0.00038845711563350417
2015-08-26,0.00020768925477103063,0.0006961063873519714,0.0005046722816075946
2015-08-27,9.881352955533859e-5,0.0003695895116407556,0.0002732829539894388
2015-08-28,4.6280083498505166e-5,0.00010503555554979864,9.084427677245241e-5
2015-08-31,6.814252809619503e-5,0.00010063552111383547,0.00011449533641442654
2015-09-01,0.00044199895999796565,0.0004424685736232205,0.00017619304126998672
2015-09-02,5.692379764258636e-5,0.00022795717142469815,0.00011360571057262268
2015-09-03,4.563223452464559e-5,0.0001104961172681298,8.75597779656662e-5
2015-09-04,0.00017242242045849786,0.0001825845558967709,0.00011562549235920826
2015-09-08,1.5608840046970838e-5,0.00024015654145204444,6.132968862549798e-5
2015-09-09,5.280674074485494e-5,0.00013561171731794113,7.081966501674904e-5
2015-09-10,3.169307442971813e-5,0.00010077148825877307,7.778953134330071e-5
2015-09-11,3.23518624264885e-5,4.645432424162585e-5,4.8431050586505624e-5
2015-09-14,2.1885472997987435e-5,4.719583621734637e-5,3.483042796851116e-5
2015-09-15,8.384802988128348e-6,2.6357643370919418e-5,2.6071969246956117e-5
2015-09-16,9.722988628395133e-6,3.886397144439262e-5,2.8513003238890645e-5
2015-09-17,9.332100729163909e-5,0.0001379208061215594,0.0001608353034560879
2015-09-18,0.00015237786281337514,0.00019870615781280698,9.700582671765675e-5
2015-09-21,3.8232236948317205e-5,8.311335645764158e-5,5.4575413082425015e-5
2015-09-22,0.0001308573556718742,0.00013517291685578026,8.982785092352461e-5
2015-09-23,3.1744695994134565e-5,4.55130654567185e-5,4.8573789509409364e-5
2015-09-24,5.896433713846166e-5,0.00013338815492235266,9.763623939530592e-5
2015-09-25,5.0524578164391e-5,0.0001277475957940147,9.291858101988264e-5
2015-09-28,0.00010830407782152254,0.00013851067521560286,7.752073262452839e-5
2015-09-29,6.0568720192592154e-5,0.0001667663710958994,0.00013311522995426508
2015-09-30,4.464853604224394e-5,0.0002651688632433717,0.0001165049467198868
2015-10-01,6.894269958198485e-5,9.601010635990946e-5,0.00012831861440517513
2015-10-02,0.00021510579729406667,0.00025356793673752685,0.00013006024549351
2015-10-05,1.2231893480020301e-5,0.0001072135643462039,6.009960995113566e-5
2015-10-06,2.6666105314351886e-5,5.78093168894662e-5,4.638758210138688e-5
2015-10-07,3.406822894791618e-5,0.00011743374173591909,7.707511968561003e-5
2015-10-08,2.1198952148199605e-5,5.5754319988462446e-5,5.218763507914818e-5
2015-10-09,1.3519407937047463e-5,2.4198392774175622e-5,2.983847671116524e-5
2015-10-12,7.409785504668687e-6,1.5367002326705208e-5,1.2507268133245305e-5
2015-10-13,2.490324432162885e-5,3.2648242897702965e-5,2.5896030835708557e-5
2015-10-14,2.7174887219072906e-5,4.234779615322696e-5,4.542654758489881e-5
2015-10-15,8.145694220446627e-6,3.424207848557798e-5,3.2276417724279606e-5
2015-10-16,9.73134674093383e-6,2.1758361759653067e-5,2.110387622324839e-5
2015-10-19,1.5519089984310915e-5,3.8050538523495955e-5,2.651983557989973e-5
2015-10-20,1.3435510289447619e-5,3.180055754681295e-5,2.7628131078741e-5
2015-10-21,3.2974037179378425e-5,5.569868480735268e-5,4.9662893850618854e-5
2015-10-22,1.041654101123479e-5,6.792693323556492e-5,3.075764019449322e-5
2015-10-23,1.2796395195918973e-5,7.379392908518893e-5,3.056074899137002e-5
2015-10-26,8.585682336396439e-6,1.6481820802728814e-5,1.4281058086717667e-5
2015-10-27,2.1707739165109533e-5,3.0501720181795396e-5,2.625720455314142e-5
2015-10-28,5.57616336996355e-5,8.101774485289528e-5,5.96964644935338e-5
2015-10-29,1.2578991914348126e-5,1.870222164202254e-5,2.3918654100665996e-5
2015-10-30,1.715606787541568e-5,3.438396148979988e-5,2.9533781215367796e-5
2015-11-02,4.172238229585042e-6,2.174066071910075e-5,1.593579852593778e-5
2015-11-03,1.0619778762120474e-5,1.4296985698702372e-5,1.8407822572471002e-5
2015-11-04,2.1164863682940937e-5,3.397038177336275e-5,3.747754884150951e-5
2015-11-05,1.8260820843045378e-5,3.6451637598579925e-5,3.2611060877957335e-5
2015-11-06,2.0792057859631864e-5,3.842793967507324e-5,3.402224444734446e-5
2015-11-09,4.318780393107348e-5,5.1116620917285934e-5,4.949572195029757e-5
2015-11-10,1.3400277934702978e-5,2.1711621001520656e-5,3.0324696712217635e-5
2015-11-11,1.3776288407655258e-5,1.8675359858318054e-5,1.815477195152139e-5
2015-11-12,5.651060993702519e-5,6.659151885662009e-5,4.963369285442067e-5
2015-11-13,2.9128701165148034e-5,5.107205288792576e-5,4.262709759091696e-5
2015-11-16,1.1808637875776992e-5,5.9628595232525126e-5,3.827740980895272e-5
2015-11-17,3.0186298003381078e-5,4.975783966526693e-5,6.224883531763398e-5
2015-11-18,1.1484664985572601e-5,4.393520487937419e-5,3.9989687732227876e-5
2015-11-19,1.0320360898292506e-5,2.4190431131457646e-5,2.4606912768867753e-5
2015-11-20,8.264047406767523e-6,3.407833523817381e-5,1.6862290559274556e-5
2015-11-23,9.052114497996075e-6,2.119884868580744e-5,2.2407172552234404e-5
2015-11-24,2.477804665358373e-5,3.729780391188617e-5,3.520447517996523e-5
2015-11-25,4.404366028713595e-6,9.472119918618733e-6,1.0159312475351118e-5
2015-11-27,2.981499002417057e-6,4.484056984814519e-6,5.160726700782971e-6
2015-11-30,1.0952342649240026e-5,1.793657156069512e-5,1.608020365065655e-5
2015-12-01,1.1348935090595611e-5,5.172206735801744e-5,3.175445491300842e-5
2015-12-02,1.8491950569158332e-5,2.5035285744070627e-5,2.462943002601557e-5
2015-12-03,4.617701813140481e-5,7.6083110481322e-5,6.998589293112402e-5
2015-12-04,1.6271942141925694e-5,9.082548191388735e-5,5.8139309611250205e-5
2015-12-07,3.820838537747071e-5,5.572032123309865e-5,6.80896320266788e-5
2015-12-08,0.00011547881067661055,0.00015948300968290468,8.134639524183621e-5
2015-12-09,4.942192387648629e-5,9.598976426269894e-5,0.0001026545832266924
2015-12-10,2.253764502583039e-5,5.3990653570397275e-5,6.596509868538655e-5
2015-12-11,0.00010732599744645283,0.00014266097883779185,6.515731566816934e-5
2015-12-14,7.239151220206884e-5,0.00014148113757708319,0.00017180093107582934
2015-12-15,1.5911551753310782e-5,0.00013293543296577045,4.2734582193733674e-5
2015-12-16,2.555338423792989e-5,0.00010990719982873612,7.164017596691508e-5
2015-12-17,5.878881524746592e-5,8.138829705957992e-5,7.634059359261354e-5
2015-12-18,6.756911522742107e-5,0.00012333464984587805,8.846699764752617e-5
2015-12-21,2.5881138973848717e-5,6.065619284427682e-5,5.395430855049869e-5
2015-12-22,1.4582930735420806e-5,3.204364087908475e-5,3.4960997075580585e-5
2015-12-23,4.428202888930947e-6,3.4805342841844056e-5,1.3965867727735549e-5
2015-12-24,5.210277275595486e-6,1.1337573408873237e-5,7.622584180452778e-6
2015-12-28,1.92893928972177e-5,2.6984569729204702e-5,2.0148592545711893e-5
2015-12-29,4.336524301471055e-6,4.9150118636326e-5,1.489652115427202e-5
2015-12-30,1.448606756378032e-5,2.0455334838690005e-5,1.3231398417050534e-5
2015-12-31,3.5409932660623834e-5,5.044947853546866e-5,2.7272833106793532e-5
2016-01-04,0.0003096326676765114,0.00032636193159888555,8.870237460063491e-5
2016-01-05,2.653579937556609e-5,5.804724038201914e-5,6.334007982396386e-5
2016-01-06,0.0001670094416270662,0.0001737504963070414,9.378799817637335e-5
2016-01-07,0.0003074391665422135,0.0002833384857880504,0.00024244814374083286
2016-01-08,8.483775571278464e-5,0.00014306869044676242,0.00015221130124091375
2016-01-11,7.277126082145173e-5,0.0001444821690396888,0.00016928211647465366
2016-01-12,6.092462344030403e-5,0.00022290683986400049,0.00014947698531344095
2016-01-13,0.00013896809432137797,0.00018845567734527397,0.0001765904627391186
2016-01-14,6.761739741096511e-5,0.00019166637414682396,0.0001802077761170529
2016-01-15,0.0004283004118577603,0.0005382160389046426,0.0001901950384544703
2016-01-19,9.641563073928341e-5,0.00022582316924055893,0.00014941939643153268
2016-01-20,0.0002592117089881766,0.0005854463531970871,0.00041067620745962436
2016-01-21,0.00013277849645945876,0.0002913707504762498,0.00030136384533777793
2016-01-22,2.4754968252511867e-5,0.0001658003832635839,8.100916035061324e-5
2016-01-25,4.9644898933633485e-5,6.413227524734026e-5,5.67896620952818e-5
2016-01-26,3.670039602835981e-5,9.185603089576514e-5,9.670870385047169e-5
2016-01-27,0.00014421186257178092,0.0002033454324923772,0.0001133596040104459
2016-01-28,9.499122932020734e-5,0.00018704113353990864,0.00022264721723275552
2016-01-29,1.4902602890497551e-5,0.00010639923191656997,6.264804842287866e-5
2016-02-01,7.23734804418712e-5,7.698762796719411e-5,0.00010365597911427513
2016-02-02,9.737406700112e-5,0.00017411040161130828,8.769357343192873e-5
2016-02-03,0.00012152514004487583,0.0003146340390501991,0.0002859252526592379
2016-02-04,8.057404420781993e-5,0.0001582778085215832,0.00021938485307059714
2016-02-05,9.443316026379545e-5,0.00012537599339186678,0.00012769705689714107
2016-02-08,0.00019216174837383178,0.0003332518508376846,0.00020992167846965796
2016-02-09,0.00014539009126674453,0.0002662777452752268,0.00031635925840814227
2016-02-10,7.919556304071391e-5,0.00013080097000865292,0.00015823983094898062
2016-02-11,0.000197936392357161,0.00033653777742191724,0.00020680229122781968
2016-02-12,2.0146751636117404e-5,9.274019054820801e-5,4.832877751429818e-5
2016-02-16,2.096278884197402e-5,8.499308321172851e-5,5.3749532380265926e-5
2016-02-17,1.2193615896184188e-5,8.880812514938395e-5,3.952723325031294e-5
2016-02-18,2.477903146021908e-5,4.800315146408183e-5,4.8567352660207316e-5
2016-02-19,4.081392724127252e-5,7.947073963025876e-5,6.425002566550424e-5
2016-02-22,8.435988784371658e-6,9.28128825720987e-5,4.376572308447818e-5
2016-02-23,3.29570853480203e-5,5.581951540737896e-5,3.6463071962507215e-5
2016-02-24,0.0001210923703875985,0.00018170176595232575,7.765719680746826e-5
2016-02-25,2.7724655881765265e-5,4.289672236304533e-5,7.318243269944315e-5
2016-02-26,2.7560245980973224e-5,6.599783926126798e-5,4.366293906132675e-5
2016-02-29,2.9347352253384965e-5,4.919757635910325e-5,5.099014779682318e-5
2016-03-01,1.060886271804041e-5,6.108224154570328e-5,4.615240783422745e-5
2016-03-02,2.147896001917485e-5,4.0151809997621956e-5,3.9400961539438615e-5
2016-03-03,1.4853748663974329e-5,2.552986198430976e-5,2.794475108677921e-5
2016-03-04,1.773222024383201e-5,3.4822948848675926e-5,4.647861464722604e-5
2016-03-07,2.6635360139150288e-5,4.893470047219926e-5,4.716556804286408e-5
2016-03-08,4.973404022956206e-5,5.710384089700544e-5,4.551119980491605e-5
2016-03-09,2.931507389659788e-5,4.7216245076998493e-5,4.07787147844646e-5
2016-03-10,5.770074866167285e-5,0.0001028758578099997,0.000100341109274563
2016-03-11,4.849150787268272e-6,7.333556923123749e-5,2.0517299221567436e-5
2016-03-14,1.1097654741448908e-5,2.1994902432215167e-5,2.1053479529171074e-5
2016-03-15,2.071843061046848e-5,3.7662322226719184e-5,1.550373946749982e-5
2016-03-16,2.1742774026872744e-5,7.171804024890335e-5,5.422548637320702e-5
2016-03-17,9.565725309766966e-6,2.5456885438986415e-5,2.4594913687762238e-5
2016-03-18,9.549453238510179e-6,2.9524354096543076e-5,2.5229556962627916e-5
2016-03-21,7.683660757235028e-6,1.590232621851533e-5,1.5199542637959726e-5
2016-03-22,1.5210485187825443e-5,3.141916276114795e-5,1.999276242825944e-5
2016-03-23,1.3596779918425622e-5,2.545062392819982e-5,2.0497817161536703e-5
2016-03-24,2.61455241272599e-5,3.440939173462389e-5,1.8702593344211723e-5
2016-03-28,7.778688892371402e-6,1.4882173474907415e-5,1.3208960063113733e-5
2016-03-29,8.95816093974927e-6,4.255021860834858e-5,2.2412991082172373e-5
2016-03-30,8.44463215035413e-6,4.134723198185332e-5,2.376532155056913e-5
2016-03-31,8.2062962419684e-6,1.0887867964117638e-5,1.3197044788132442e-5
2016-04-01,2.953821174789932e-5,5.587800729182194e-5,2.8214289653004938e-5
2016-04-04,1.1992809104535778e-5,1.5764163877472082e-5,1.428105738344414e-5
2016-04-05,4.88741785142601e-5,7.224942514421635e-5,3.215888242386362e-5
2016-04-06,9.320325492388077e-6,3.0081788364808807e-5,3.074040812136466e-5
2016-04-07,4.47969714880774e-5,5.8620716800549e-5,4.482956428373718e-5
2016-04-08,1.7598541509542932e-5,5.001026155159938e-5,2.6555735584992717e-5
2016-04-11,1.972402900643784e-5,4.765553381781343e-5,2.8707567607578955e-5
2016-04-12,1.1012615623830292e-5,3.3992984541510224e-5,2.93201201798811e-5
2016-04-13,8.290468988942923e-6,3.638296816510648e-5,2.333064499133999e-5
2016-04-14,8.013264827243588e-6,1.0936497632628172e-5,1.5369942291621875e-5
2016-04-15,3.422496141217229e-6,7.605216364900333e-6,5.740438986218842e-6
2016-04-18,7.945241938819427e-6,1.2951952149511767e-5,1.4921722200936778e-5
2016-04-19,8.394490467710823e-6,2.262334441161749e-5,1.6457084664068486e-5
2016-04-20,8.367394888394695e-6,1.2803226714963235e-5,1.5194307340366096e-5
2016-04-21,1.3174941687803774e-5,1.571802636641036e-5,2.58481184265215e-5
2016-04-22,1.0875789668953027e-5,1.9858627752468072e-5,2.06472326418436e-5
2016-04-25,1.0426939379032231e-5,2.070958493907144e-5,1.376239569601064e-5
2016-04-26,8.78774914413983e-6,1.8760745406982077e-5,1.7218244879287326e-5
2016-04-27,1.0292420959697999e-5,2.8848329922066215e-5,2.0711990380535478e-5
2016-04-28,2.4587883596168814e-5,3.595705173344855e-5,3.6882060832686684e-5
2016-04-29,2.5728420216783508e-5,5.5996131474820645e-5,5.608929696487443e-5
2016-05-02,1.0193347378384854e-5,2.3686071139725776e-5,2.042680243307009e-5
2016-05-03,3.97539668175345e-5,5.4640007678535764e-5,2.74366930763031e-5
2016-05-04,2.2762215680007108e-5,4.918682002467023e-5,3.1138780117098455e-5
2016-05-05,1.789502607257052e-5,3.323306603359947e-5,3.1308047199913986e-5
2016-05-06,2.0879286511251194e-5,2.7615663905363386e-5,4.581287621304215e-5
2016-05-09,1.1642519534272455e-5,2.0804357141378187e-5,1.887565577158328e-5
2016-05-10,2.156829990907702e-6,2.4184995325181572e-5,1.2863411746290223e-5
2016-05-11,1.6148407494291347e-5,2.2150539917371675e-5,1.419808052843342e-5
2016-05-12,2.3357535328671766e-5,4.150778271228583e-5,3.746557283295021e-5
2016-05-13,2.1812736493273737e-5,3.277691698516336e-5,3.1168054328693356e-5
2016-05-16,5.752055438629257e-6,1.8996272317337285e-5,1.9107897667027928e-5
2016-05-17,2.4454903178158534e-5,4.1163309262984144e-5,2.871833987521426e-5
2016-05-18,5.649752808136155e-5,8.953859805108559e-5,6.160324092067245e-5
2016-05-19,3.819240037957518e-5,6.232463648684756e-5,6.98070727571684e-5
2016-05-20,7.062769581059586e-6,3.2992173684686755e-5,1.6206086980270778e-5
2016-05-23,6.506033865135289e-6,1.1745468601157006e-5,1.0213423182601866e-5
2016-05-24,2.3697105568332103e-6,3.73942451763576e-5,1.7678324480075962e-5
2016-05-25,4.837834175604527e-6,2.8637043194677765e-5,1.58968832646693e-5
2016-05-26,6.45458094181206e-6,9.669189360566817e-6,1.20130896433321e-5
2016-05-27,2.9373192233404045e-6,9.812235383205764e-6,6.732172416327233e-6
2016-05-31,1.0175350705503326e-5,1.7642246717628544e-5,1.537425559177172e-5
2016-06-01,1.9455021959160906e-5,3.389984136476415e-5,1.6136543673241842e-5
2016-06-02,1.1298150717504167e-5,1.9761695415955285e-5,1.0736959446179388e-5
2016-06-03,2.1605260140542382e-5,4.22301363203961e-5,2.770603055002072e-5
2016-06-06,5.771240721024341e-6,1.0726705122198217e-5,1.5460569701031363e-5
2016-06-07,3.7654315838566102e-6,7.118827508081553e-6,6.0272746386676995e-6
2016-06-08,4.19550336378545e-6,1.6435989003264295e-5,1.0509853562878063e-5
2016-06-09,1.2818283620896647e-5,1.670369986679121e-5,1.3716743684498175e-5
2016-06-10,2.7315116839324706e-5,4.8386733984832115e-5,2.6033111630963418e-5
2016-06-13,1.690103220683745e-5,3.337722188870238e-5,2.821274350192614e-5
2016-06-14,1.9725374400978016e-5,4.050096770632834e-5,4.6322832037475405e-5
2016-06-15,1.610866968713981e-5,2.584961678217666e-5,2.437619065177175e-5
2016-06-16,2.423697195682574e-5,6.452734958453566e-5,5.8230845445537075e-5
2016-06-17,1.8849184143135756e-5,3.47341781070881e-5,3.246184933684739e-5
2016-06-20,1.4283484149215875e-5,8.637034124500967e-5,2.7924534216310297e-5
2016-06-21,1.1461032051541608e-5,1.664190814087801e-5,2.1794127227849012e-5
2016-06-22,1.692209472255667e-5,2.0775009405793388e-5,2.033243559242604e-5
2016-06-23,4.9741882405422996e-6,2.7035314176303613e-5,1.8956752694749457e-5
2016-06-24,0.0005833495681836051,0.0005777022181543433,0.00015249246894148255
2016-06-27,9.179378404178521e-5,0.00015305412381463955,0.00010658231569757282
2016-06-28,1.67070894442868e-5,0.00010441053499357938,6.055176993314676e-5
2016-06-29,9.018119820188975e-6,4.364895549337228e-5,3.3126014928476005e-5
2016-06-30,1.2487061116328201e-5,4.240042456114854e-5,2.9723970337566604e-5
2016-07-01,7.035806340022795e-6,1.3744933495461326e-5,1.3293475176780346e-5
2016-07-05,1.3760373905095434e-5,2.328815417190218e-5,2.1418030300054485e-5
2016-07-06,2.2976032986383835e-5,4.7486829368168326e-5,3.8421141657964666e-5
2016-07-07,1.6224195131343825e-5,2.6872482571647694e-5,3.0300105462932625e-5
2016-07-08,3.4029454836069317e-6,1.738331090477461e-5,1.3876394337768654e-5
2016-07-11,6.310927611227847e-6,1.6367641647312097e-5,1.3189044116719931e-5
2016-07-12,4.2305753974342435e-6,3.4255315004152906e-5,9.274917878871794e-6
2016-07-13,7.118828040662613e-6,1.197350250641413e-5,1.1229811560999769e-5
2016-07-14,6.384777096328039e-6,2.691334040581431e-5,1.6595046553127275e-5
2016-07-15,5.591245037124761e-6,1.1339053588720822e-5,1.1339382346254171e-5
2016-07-18,3.092655501681244e-6,7.225996981189638e-6,5.527194548944135e-6
2016-07-19,3.473492223214053e-6,7.090130683386019e-6,5.788639626350283e-6
2016-07-20,1.7856398641093323e-6,4.894233615003953e-6,4.768519175471138e-6
2016-07-21,6.875962116580717e-6,1.1452960228695124e-5,1.1030497134281125e-5
2016-07-22,2.5835571008197135e-6,8.208703745836049e-6,6.230721369363359e-6
2016-07-25,6.6570559332172024e-6,1.0697100401138e-5,9.90234565152913e-6
2016-07-26,1.3466876628185953e-5,2.7038541827607034e-5,1.6600393605524347e-5
2016-07-27,1.2599174262050756e-5,2.5918627785405405e-5,1.5538949249522857e-5
2016-07-28,1.3858618077773636e-5,2.455245724697286e-5,1.7927860506459623e-5
2016-07-29,7.117773686272235e-6,1.659520096437929e-5,1.413478012735963e-5
2016-08-01,1.0983187122021492e-5,1.9399601867846264e-5,1.957812286167466e-5
2016-08-02,1.4299434825459332e-5,3.338764294582675e-5,2.2392880555522075e-5
2016-08-03,4.1222951925735496e-6,8.881773983358072e-6,8.882047626695931e-6
2016-08-04,6.16548548548754e-6,1.3117682645513318e-5,8.118977925514975e-6
2016-08-05,1.3056932303484057e-6,1.4430750408203506e-5,7.48613697986031e-6
2016-08-08,3.5124153684694675e-6,4.603711923928337e-6,5.31914335411592e-6
2016-08-09,3.031816089881231e-6,5.891135578739808e-6,4.981852693387266e-6
2016-08-10,6.811449701938556e-6,1.037848527380475e-5,1.0361449155029306e-5
2016-08-11,3.2113819977642496e-6,1.2194019213966449e-5,6.019753725504447e-6
2016-08-12,2.820331701163189e-6,5.447810585246167e-6,5.564128393784242e-6
2016-08-15,1.0684896718170725e-6,6.0826077779429354e-6,3.495479791790023e-6
2016-08-16,8.011624855622858e-6,1.3007276953378148e-5,8.918827525555039e-6
2016-08-17,6.61836966227417e-6,1.7847511903911855e-5,1.4732534210113329e-5
2016-08-18,2.496298435717268e-6,6.088668848667212e-6,6.7120599589265485e-6
2016-08-19,9.95046961412127e-6,1.969029341359149e-5,1.1527911100602918e-5
2016-08-22,1.2264101167437844e-5,2.7199872606848868e-5,1.4886449143407007e-5
2016-08-23,2.8341368639409944e-6,7.460483745286126e-6,4.704321111262153e-6
2016-08-24,7.516492369133871e-6,1.255294949371645e-5,7.021185668061473e-6
2016-08-25,7.582894135737598e-6,1.0214524571911858e-5,1.4562384377069436e-5
2016-08-26,1.9224899337335564e-5,4.900867595571529e-5,3.377041690451202e-5
2016-08-29,1.4204601452548436e-6,1.4208578243600968e-5,7.466074467913946e-6
2016-08-30,8.100696846517308e-6,8.979715499884643e-6,1.2534484039198463e-5
2016-08-31,7.44835033230016e-6,1.283151746674376e-5,1.0134202298045057e-5
2016-09-01,1.4180707130674946e-5,2.6749730429073312e-5,2.2419617834334773e-5
2016-09-02,7.1208634415654704e-6,1.4032818358296651e-5,1.4207042066267153e-5
2016-09-06,5.757775462184227e-6,1.0570772665278275e-5,8.520834014500233e-6
2016-09-07,3.6507255742853644e-6,7.50030676882753e-6,6.410157743180507e-6
2016-09-08,4.3372483856031885e-6,8.728372300029962e-6,9.546823231346647e-6
2016-09-09,3.4817564484439906e-5,5.3767769819006e-5,3.5799029951018676e-5
2016-09-12,1.571860575292974e-5,6.321579398774047e-5,5.096333644903461e-5
2016-09-13,5.7394492367742274e-5,5.85399599024746e-5,8.760164304369408e-5
2016-09-14,2.1356709789118096e-5,4.239570511392546e-5,4.599076187785781e-5
2016-09-15,1.3020107759068449e-5,2.837926725513322e-5,3.808744933393001e-5
2016-09-16,3.0601269451832605e-5,4.345614242347495e-5,2.2980288128823426e-5
2016-09-19,1.4650297687940982e-5,2.9809189002307554e-5,2.040478865044335e-5
2016-09-20,1.1849300793682826e-5,1.8101463458684548e-5,1.5897996335009894e-5
2016-09-21,1.0744449269009879e-5,4.2002618203326206e-5,2.7309784752381224e-5
2016-09-22,8.894008674962692e-6,2.2591169871997305e-5,1.0138439156553165e-5
2016-09-23,7.224436951181617e-6,9.057190554924e-6,1.1206701191003084e-5
2016-09-26,1.4290736149080267e-5,2.402209057127258e-5,1.8525078863854547e-5
2016-09-27,8.085549079937792e-6,2.0127138391854612e-5,2.379373220851217e-5
2016-09-28,8.804607507968265e-6,2.0868030737544347e-5,1.921009573496459e-5
2016-09-29,2.9310248932961662e-5,5.2643147789595724e-5,4.7280988114501186e-5
2016-09-30,1.1272890668740177e-5,2.2341255606861572e-5,1.944215700932209e-5
2016-10-03,9.384573948169807e-6,1.526952193837453e-5,1.8011970487077068e-5
2016-10-04,3.0356043389378643e-5,4.5815967843720235e-5,3.414654611487975e-5
2016-10-05,5.598371447401997e-6,1.6580647338335927e-5,1.269950009893177e-5
2016-10-06,8.068785283504493e-6,1.6707321669490128e-5,1.4997839858011564e-5
2016-10-07,1.5923525470979154e-5,3.582120082818854e-5,2.825996060963967e-5
2016-10-10,2.2050433463507e-6,1.2067617408672448e-5,4.661578423149667e-6
2016-10-11,2.465604880211765e-5,4.155645429383074e-5,3.2175156841076296e-5
2016-10-12,8.983049002495496e-6,1.7331747021943443e-5,1.7908125296724746e-5
2016-10-13,2.1756726307132895e-5,4.1530596436436614e-5,3.170080286068913e-5
2016-10-14,1.240288355193397e-5,3.0372344969926685e-5,2.1444366115383e-5
2016-10-17,8.961965642165026e-6,1.460113683721216e-5,1.203010159615378e-5
2016-10-18,7.113478203553361e-6,9.898865984769512e-6,1.308390969015146e-5
2016-10-19,2.7947799881056976e-6,7.431173678994699e-6,6.862204224632084e-6
2016-10-20,1.5180645857650229e-5,3.407527138731757e-5,3.130105521669386e-5
2016-10-21,1.3406473301993108e-5,1.9865625030633113e-5,1.0566773089198558e-5
2016-10-24,3.930607732124878e-6,1.0459331225502967e-5,7.185180969843817e-6
2016-10-25,7.317620830740268e-6,9.65769407893177e-6,8.362988876766014e-6
2016-10-26,9.450970244724318e-6,1.8521325481274546e-5,1.7705659008270582e-5
2016-10-27,1.3289948187134438e-5,2.304695828489777e-5,2.2271072949880007e-5
2016-10-28,3.206851600524642e-5,6.848330041050729e-5,6.15032666995335e-5
2016-10-31,8.283519522833734e-6,1.2998405510821816e-5,1.390465108872773e-5
2016-11-01,1.8329545406944072e-5,3.606495253333035e-5,3.3279811563845136e-5
2016-11-02,2.4682406929208397e-5,4.9208493154112064e-5,4.971999629414916e-5
2016-11-03,1.1002247414207132e-5,1.762496600559977e-5,1.701877369589412e-5
2016-11-04,1.2665700332625115e-5,3.6675899314121406e-5,2.9090612034383702e-5
2016-11-07,2.8380102961214428e-6,7.700089134636254e-5,2.3984580392540773e-5
2016-11-08,1.5042075147357913e-5,2.858421733268841e-5,2.2038389617088522e-5
2016-11-09,5.2621677138258716e-5,0.00014169404376462912,0.0001131878688660009
2016-11-10,5.3440178202324855e-5,0.00011493784197972994,0.00010073209221464763
2016-11-11,1.752789712493137e-5,3.19821418503588e-5,3.1782677206091404e-5
2016-11-14,1.3344856384689696e-5,2.6907372075022358e-5,2.6525888714334103e-5
2016-11-15,4.476740323537589e-6,1.3005513154056552e-5,1.0976609765844686e-5
2016-11-16,7.779354855649505e-6,1.0503517389039388e-5,1.4234286295189414e-5
2016-11-17,2.3383353467585004e-6,6.348888851262193e-6,6.540932597493576e-6
2016-11-18,6.304057082237613e-6,5.907597147843061e-6,9.463912311761554e-6
2016-11-21,1.8818070876135918e-6,1.0832400472996686e-5,6.1856251310642935e-6
2016-11-22,4.690712474391209e-6,7.174459927783709e-6,7.823788382180588e-6
2016-11-23,3.1928867859735417e-6,6.45905352680622e-6,6.749598615710073e-6
2016-11-25,2.2397456491069764e-7,2.4192713274970556e-6,1.5769783178440178e-6
2016-11-28,6.562924510213696e-6,9.528978899555893e-6,8.199467463280391e-6
2016-11-29,4.733717632969463e-6,1.4221664638247725e-5,9.58028371955634e-6
2016-11-30,1.3819126031548232e-5,3.4858340826339045e-5,2.019878225591135e-5
2016-12-01,1.1842114327585266e-5,1.8620545052121904e-5,2.2952592219184126e-5
2016-12-02,6.487553624096381e-6,1.4511389769988883e-5,1.3797051475013913e-5
2016-12-05,3.2987358609628566e-6,8.801864588903972e-6,9.549977021745887e-6
2016-12-06,3.5583437550089153e-6,8.984184895849129e-6,7.5804584009243395e-6
2016-12-07,5.417050903571611e-6,2.58643965556406e-5,1.6804989634936418e-5
2016-12-08,8.183547561578384e-6,1.3483252173864724e-5,1.7137262977191383e-5
2016-12-09,2.8030246217524324e-6,9.89478646835849e-6,8.766229308633981e-6
2016-12-12,7.55935542125148e-6,1.4024888511971022e-5,1.5055621978751818e-5
2016-12-13,5.026590690022185e-6,1.5579591716260585e-5,1.3957242672855422e-5
2016-12-14,4.928940872839385e-5,8.693631821420113e-5,7.106158316782928e-5
2016-12-15,1.1789999123398961e-5,2.859774325369185e-5,2.8889258476403686e-5
2016-12-16,1.2491419530811978e-5,1.6720230590260854e-5,2.0539420486413674e-5
2016-12-19,3.934914428031745e-6,1.3059921774632944e-5,1.0186621200975086e-5
2016-12-20,3.5820106362764426e-6,8.688140231661392e-6,7.259612102715532e-6
2016-12-21,2.705995816178003e-6,3.0258034081040304e-6,3.731598035589345e-6
2016-12-22,3.638269215062956e-6,7.711510799973868e-6,6.029485082801499e-6
2016-12-23,1.0571212502946641e-6,1.9310128690724063e-6,2.9067914082445084e-6
2016-12-27,1.5717164686659355e-6,6.11842164065015e-6,3.96123042245281e-6
2016-12-28,9.717275588012423e-6,1.4224873040899109e-5,1.2004063776338027e-5
2016-12-29,4.808107076844247e-6,1.2284555185637519e-5,8.454050258438603e-6
2016-12-30,1.229295575621236e-5,2.4316090675077322e-5,1.563438648685554e-5
2017-01-03,1.3580206629623477e-5,2.7969763309983572e-5,3.434542010212002e-5
2017-01-04,4.283352400045383e-6,8.673376557414114e-6,9.154551401147245e-6
2017-01-05,6.8945251498224794e-6,1.131457933503096e-5,7.632615981445837e-6
2017-01-06,7.91740682535371e-6,1.933673786979551e-5,1.136629862340553e-5
2017-01-09,4.969503376117629e-6,6.737613627785417e-6,7.4221172741038406e-6
2017-01-10,6.87814404909063e-6,1.258725713959742e-5,9.616532752705675e-6
2017-01-11,1.4291383064482083e-5,3.9678798359480313e-5,2.8580238100520448e-5
2017-01-12,1.3813532780810177e-5,2.9633882125655337e-5,2.3169774783557845e-5
2017-01-13,3.1103140473050034e-6,8.55889790205187e-6,5.141317815382371e-6
2017-01-17,4.653804354765552e-6,1.2365224021607772e-5,8.653134769779153e-6
2017-01-18,6.6225721582116955e-6,1.0469282794432261e-5,7.822753041529043e-6
2017-01-19,9.669911186121518e-6,1.3708639377558161e-5,1.2522017249586768e-5
2017-01-20,9.248383310095995e-6,2.0592335377148313e-5,2.1363157123055877e-5
2017-01-23,1.0092437441900666e-5,1.7644279297103968e-5,1.7104115478896452e-5
2017-01-24,2.234749122820996e-6,7.415176941299272e-6,7.531049038579894e-6
2017-01-25,3.2322654206800267e-6,7.569530009859376e-6,8.630135228532376e-6
2017-01-26,4.952791684895551e-6,7.0552936743656e-6,9.215798387717717e-6
2017-01-27,4.22142377578763e-6,5.503906033288872e-6,5.7897753228252685e-6
2017-01-30,1.2551044223644561e-5,2.7573095480035996e-5,1.9125514717556826e-5
2017-01-31,9.581611813487754e-6,1.1550236011109154e-5,1.584040707864716e-5
2017-02-01,1.2412982867168218e-5,2.133866159634661e-5,1.7268616007711025e-5
2017-02-02,7.20387120183524e-6,1.822545249188931e-5,1.1608279023714057e-5
2017-02-03,3.243112172918155e-6,7.2502517622564545e-6,8.063235332263768e-6
2017-02-06,3.365965822224544e-6,6.141379100758827e-6,5.635115273639246e-6
2017-02-07,4.208747589492153e-6,8.336527652099046e-6,7.73176372824445e-6
2017-02-08,4.452353632417617e-6,9.000165567421894e-6,9.475035694094644e-6
2017-02-09,1.8065503311138846e-6,7.2718238655541265e-6,5.9927843080922324e-6
2017-02-10,1.776918484435056e-6,5.2997047926681e-6,4.422478289351687e-6
2017-02-13,1.7789444469754367e-6,4.767787282566785e-6,5.85964362623906e-6
2017-02-14,3.624770447665126e-6,9.687768657139414e-6,8.597089807874734e-6
2017-02-15,3.4616180889729994e-6,7.634556479981703e-6,9.727322799848207e-6
2017-02-16,1.338410198178307e-5,1.5936978801895473e-5,2.537922633464665e-5
2017-02-17,3.936586304897819e-6,6.6488605948942804e-6,7.5548711297930575e-6
2017-02-21,5.178457978022613e-6,1.2370148880620518e-5,9.218125308100819e-6
2017-02-22,3.3314650677048913e-6,8.375090318628919e-6,5.625510009471918e-6
2017-02-23,5.808304471596629e-6,1.0341657840769081e-5,8.512461014654316e-6
2017-02-24,5.351999355857113e-6,1.2648156422147689e-5,1.3646617484379798e-5
2017-02-27,3.558345428500597e-6,9.940936538056684e-6,9.718373679227776e-6
2017-02-28,4.3036178875578686e-6,9.9104602497672e-6,6.634393747860845e-6
2017-03-01,3.7887256122291415e-6,1.4701006985030108e-5,1.4186020538723492e-5
2017-03-02,9.685160320973363e-6,1.4088323304347994e-5,1.2142610893316114e-5
2017-03-03,4.997377642628982e-6,9.049021460880513e-6,1.0800103367606746e-5
2017-03-06,5.047805741723827e-6,9.689725654316712e-6,8.393175746114533e-6
2017-03-07,5.648514017207683e-6,8.073105182621172e-6,9.239407719872511e-6
2017-03-08,7.504578834598075e-6,9.534979169277932e-6,1.0473077205715385e-5
2017-03-09,6.611549501395753e-6,1.0539937042552487e-5,1.1849826964491986e-5
2017-03-10,7.047530516454202e-6,1.096931229498678e-5,1.540105254150398e-5
2017-03-13,2.186001212829323e-6,4.711423274485094e-6,4.620540148429373e-6
2017-03-14,8.04189779306545e-6,1.33253417556792e-5,1.1391313622515614e-5
2017-03-15,4.474678679259177e-6,1.548854326125203e-5,1.3979108977147376e-5
2017-03-16,6.9515541649821455e-6,9.752421804073058e-6,1.0926228010413645e-5
2017-03-17,4.1065426249357825e-6,5.323994309879721e-6,4.641273196800698e-6
2017-03-20,8.31475250257725e-6,1.2617742507390999e-5,9.295511885131703e-6
2017-03-21,3.009760886187889e-5,4.895448378392152e-5,3.531837029561321e-5
2017-03-22,1.0319422491123962e-5,2.88480025815779e-5,2.389620540064479e-5
2017-03-23,1.4228094931155966e-5,2.3686903444695865e-5,2.8969898417208345e-5
2017-03-24,1.2248135358259422e-5,3.383036235559028e-5,2.2925327908404946e-5
2017-03-27,8.621784391821425e-6,2.5613138934822164e-5,2.144648685006009e-5
2017-03-28,5.611305266755325e-6,2.1305381456749024e-5,1.503500066513984e-5
2017-03-29,5.010198163436177e-6,1.2155392649404882e-5,1.0045359571184479e-5
2017-03-30,4.510609045542535e-6,8.39511493383015e-6,8.701494315998916e-6
2017-03-31,6.8608814861897225e-6,1.0609781611478229e-5,8.838377333780553e-6
2017-04-03,1.3753046686739502e-5,2.2918078597490312e-5,1.8876067000255845e-5
2017-04-04,5.791854880332704e-6,1.3129869709378871e-5,1.2785363150120918e-5
2017-04-05,2.529283893016763e-5,2.8946330263653238e-5,3.253908642495496e-5
2017-04-06,1.1431810358694965e-5,2.7501328243234215e-5,2.5548970431490865e-5
2017-04-07,9.983905139939041e-6,1.9047510488388092e-5,1.761165958360372e-5
2017-04-10,1.4598942083968155e-5,2.4220711265200375e-5,1.998651960543529e-5
2017-04-11,1.8262289519383296e-5,2.7971063599801302e-5,3.229400778832564e-5
2017-04-12,1.1901731243278008e-5,1.930214884840312e-5,2.1420350339314178e-5
2017-04-13,1.3571770778601012e-5,2.6878568958255288e-5,2.2601636197792136e-5
2017-04-17,3.3351953855424432e-6,9.998474814418379e-6,1.240306223484001e-5
2017-04-18,9.892053045211244e-6,1.5198648579256778e-5,1.7592349658919146e-5
2017-04-19,7.087821827219161e-6,1.5689526023138583e-5,1.1888636302526138e-5
2017-04-20,4.94931619054602e-6,1.191756434932932e-5,1.1653148315294016e-5
2017-04-21,7.632251438984565e-6,1.5001948770089739e-5,1.3485034946372382e-5
2017-04-24,3.1854182714716613e-6,6.64609495565207e-6,6.776433022473742e-6
2017-04-25,1.9605986154798425e-6,1.046526887389933e-5,6.968333189253529e-6
2017-04-26,1.2700535295092608e-5,2.1463094883060096e-5,2.3275433050717986e-5
2017-04-27,5.527436876380785e-6,1.2736736613808644e-5,9.122359701274436e-6
2017-04-28,6.508823755632686e-6,8.369995382056138e-6,7.326749994948098e-6
2017-05-01,3.7839509424289513e-6,6.603848830819016e-6,7.997726249850278e-6
2017-05-02,3.404442265803637e-6,6.443689068926694e-6,6.090026356729119e-6
2017-05-03,4.693126917275035e-6,8.582200730294432e-6,7.543332247690116e-6
2017-05-04,7.841048450112884e-6,1.5382024167538968e-5,1.3951768086994024e-5
2017-05-05,2.381763504255291e-6,5.115038689626317e-6,4.611901575462873e-6
2017-05-08,4.380526957577153e-6,5.914920285971768e-6,5.509582708287296e-6
2017-05-09,4.420134601796321e-6,8.365916974536852e-6,6.260806563068124e-6
2017-05-10,2.5500516661706985e-6,5.0470195193339575e-6,4.646465587179841e-6
2017-05-11,5.605642160183289e-6,1.2399986530131357e-5,1.1901457942990505e-5
2017-05-12,3.08115128491602e-6,5.173846547238251e-6,4.3189057887495976e-6
2017-05-15,1.365602968882211e-6,6.669667006351183e-6,3.444560952138474e-6
2017-05-16,5.062080184086656e-6,6.065615368692073e-6,7.573399233326264e-6
2017-05-17,2.137608035498337e-5,3.702144813514059e-5,3.468449897353144e-5
2017-05-18,1.4984142689013387e-5,4.328368334144249e-5,3.8776410109441506e-5
2017-05-19,6.495471600208505e-6,1.3964595096354768e-5,1.0686749791043171e-5
2017-05-22,2.692466248691277e-6,6.728875664361856e-6,5.877153572683959e-6
2017-05-23,2.7787832631413414e-6,6.327493831157173e-6,4.981820784516464e-6
2017-05-24,2.1646755263737306e-6,3.962453852655774e-6,5.744565823526643e-6
2017-05-25,3.2386064268455104e-6,8.766514982937559e-6,8.560818036287844e-6
2017-05-26,1.8668284208645073e-6,4.096978739226918e-6,4.089773453172914e-6
2017-05-30,1.6237423129832248e-6,3.7467035253108395e-6,4.2480813915255644e-6
2017-05-31,9.457892224690884e-6,1.3111416265578966e-5,1.3524761026659415e-5
2017-06-01,2.6053061441019698e-6,8.354235724400885e-6,7.462233645671606e-6
2017-06-02,3.863903435503042e-6,7.568141155995574e-6,5.984376855418819e-6
2017-06-05,2.7682760511066083e-6,4.427382186861133e-6,3.921191750431959e-6
2017-06-06,5.07264783617906e-6,7.808246069368365e-6,6.679020214405242e-6
2017-06-07,4.687761368666003e-6,8.625576655827933e-6,6.882709785306797e-6
2017-06-08,7.009445321098418e-6,1.2590283837969002e-5,1.4191580350871696e-5
2017-06-09,2.0492762092342086e-5,4.91867856630082e-5,3.831331499773114e-5
2017-06-12,9.267950258811003e-6,1.7793419724159434e-5,1.9061114399062088e-5
2017-06-13,3.2741604852042426e-6,8.035702110276606e-6,6.173953458340476e-6
2017-06-14,1.3670241695771108e-5,1.82404591993626e-5,1.85605937485241e-5
2017-06-15,7.309616935757813e-6,1.6184092660621685e-5,1.5615811141754474e-5
2017-06-16,6.27670945179079e-6,6.5403589311219764e-6,1.1659626702708166e-5
2017-06-19,1.235326053257545e-6,5.402925739877783e-6,3.5430537776156802e-6
2017-06-20,7.093927707532001e-6,1.1454961455496117e-5,8.77229432206378e-6
2017-06-21,6.700196933825205e-6,1.3181079215372791e-5,1.1399090603254883e-5
2017-06-22,4.178060832021378e-6,9.909584609242852e-6,7.699503008001925e-6
2017-06-23,3.2327897236583194e-6,7.267756932834656e-6,7.743428674621677e-6
2017-06-26,7.94418042744653e-6,1.477147234998519e-5,1.1405404368844131e-5
2017-06-27,1.3394386380506423e-5,2.0794838369639144e-5,1.5682283778722275e-5
2017-06-28,4.798728077330905e-6,8.743829465823708e-6,1.702503327078633e-5
2017-06-29,2.6540347614681628e-5,4.807872001758466e-5,4.240943182150444e-5
2017-06-30,1.4221638111162957e-5,2.2387608597973603e-5,1.6502582699249978e-5
2017-07-03,6.876653885711988e-6,1.1568181812342303e-5,8.330269924273825e-6
2017-07-05,6.832564062981302e-6,9.255406386757801e-6,1.1626824278262913e-5
2017-07-06,1.2544389861665228e-5,1.842442701170969e-5,1.7785216865112646e-5
2017-07-07,2.8116246348773014e-6,9.768324191280385e-6,8.063974922937606e-6
2017-07-10,2.6842260491550083e-6,5.737832867730808e-6,4.4209365333152984e-6
2017-07-11,1.156634884468109e-5,2.2586625950753053e-5,1.479802105007383e-5
2017-07-12,3.6712205384959783e-6,1.0408310254056583e-5,7.94659875856661e-6
2017-07-13,2.3452197247302872e-6,4.570298792083295e-6,5.323294788181425e-6
2017-07-14,1.8519185320089416e-6,5.353908314191589e-6,4.794258188652475e-6
2017-07-17,1.7374995772388967e-6,2.9900399005599545e-6,2.9147064953217092e-6
2017-07-18,4.74705814226554e-6,7.403322472598587e-6,8.673829880055342e-6
2017-07-19,1.3577976826651182e-6,4.073840478695042e-6,3.495438293176247e-6
2017-07-20,4.845957172192545e-6,1.0909711074289572e-5,8.102598876173304e-6
2017-07-21,1.912604371710353e-6,4.043633515431495e-6,5.314235831623807e-6
2017-07-24,2.437092398786678e-6,3.471144146072388e-6,3.3932695186730557e-6
2017-07-25,1.9394877254267814e-6,3.737797094456867e-6,3.26628605600156e-6
2017-07-26,3.279446102838493e-6,7.092418216074918e-6,5.995814982770069e-6
2017-07-27,1.4089258668116733e-5,3.4888203815996695e-5,2.6393767708104563e-5
2017-07-28,3.5400015790760317e-6,4.368559524240837e-6,7.782842842161469e-6
2017-07-31,5.017200238790466e-6,8.119451140660414e-6,7.947245077458995e-6
2017-08-01,4.273980658328035e-6,6.682481832123254e-6,5.563128755430249e-6
2017-08-02,9.557265343281425e-6,1.4527453034090936e-5,1.2224030160302461e-5
2017-08-03,4.803595495116201e-6,6.720919843221867e-6,4.5535664881466895e-6
2017-08-04,4.677956536746489e-6,1.0119333497300031e-5,7.142877987358073e-6
2017-08-07,8.593626942084645e-7,1.556864408375695e-6,1.8713953636830016e-6
2017-08-08,6.215451435724941e-6,1.084139057422932e-5,9.526251816927e-6
2017-08-09,6.952677815234959e-6,1.4388782154573536e-5,1.7191329554793545e-5
2017-08-10,2.1041676074140428e-5,2.7382270780738608e-5,2.9651444665265663e-5
2017-08-11,7.768215334682654e-6,1.588398051270271e-5,1.3830232220535644e-5
2017-08-14,2.96278580701676e-6,1.1248613048029485e-5,7.629072985250271e-6
2017-08-15,4.862375282459883e-6,7.977409425161178e-6,8.073841509349833e-6
2017-08-16,6.221302026994484e-6,6.8359279388394465e-6,8.719584606815833e-6
2017-08-17,2.2317241650645268e-5,3.213522695355116e-5,3.157939762493233e-5
2017-08-18,1.3182269131823501e-5,3.4895598967180024e-5,2.3426247281895006e-5
2017-08-21,6.6568289010591255e-6,1.4180997987958969e-5,1.4166922234029284e-5
2017-08-22,1.6353774513972429e-6,1.6555345227623737e-5,1.0618861611993243e-5
2017-08-23,5.867865503409185e-6,1.0252341031842686e-5,1.2219307729788133e-5
2017-08-24,1.0224755868453327e-5,2.000412809654028e-5,1.6621340257337634e-5
2017-08-25,6.38571529716056e-6,1.1668722868650715e-5,9.430658994013156e-6
2017-08-28,4.787877543259924e-6,5.648271554271768e-6,5.978403250023686e-6
2017-08-29,2.3739685426359367e-6,7.656062249875465e-6,7.90778906251331e-6
2017-08-30,3.3037053385998746e-6,7.619842970690474e-6,7.244538690303067e-6
2017-08-31,3.316356128282975e-6,9.400411875936892e-6,7.824690437299293e-6
2017-09-01,3.3891130838584755e-6,4.601374889762533e-6,4.985828352841919e-6
2017-09-05,2.1351675246694266e-5,3.283163852545295e-5,2.8511925790332798e-5
2017-09-06,4.236753587846848e-6,7.106679577358688e-6,6.934102523467542e-6
2017-09-07,7.185539415201848e-6,8.994672888073132e-6,9.793686489734347e-6
2017-09-08,3.24964013500186e-6,5.579793838781573e-6,7.093854120013592e-6
2017-09-11,1.4730007358624239e-6,8.758290702630728e-6,5.2167499988748705e-6
2017-09-12,1.91762985397178e-6,5.339470078983636e-6,4.145889137170318e-6
2017-09-13,1.3332494079506627e-6,3.590040454615067e-6,3.4589918864577483e-6
2017-09-14,1.9690250018910135e-6,4.424116506188289e-6,3.7991608828884268e-6
2017-09-15,1.371899941820303e-6,2.4938956023591804e-6,3.5313584897612635e-6
2017-09-18,2.4726385630457064e-6,6.581352063345603e-6,4.806069493382932e-6
2017-09-19,2.4497268817982002e-6,3.636283884624989e-6,3.6346456691259515e-6
2017-09-20,4.8049993903258056e-6,9.195885932736934e-6,7.218395941623101e-6
2017-09-21,5.1352826863534184e-6,5.5225149005443384e-6,7.987003588321955e-6
2017-09-22,1.1984957821341677e-6,3.5316044902294106e-6,3.197649205792197e-6
2017-09-25,7.940020773918178e-6,1.2533059115857454e-5,1.2290143310101246e-5
2017-09-26,4.148480887602585e-6,5.530684776899216e-6,6.857715161533895e-6
2017-09-27,4.6740777525601146e-6,1.1042456432131408e-5,9.49770727468652e-6
2017-09-28,1.7944145412909766e-6,5.376590298689553e-6,4.984649974450808e-6
2017-09-29,1.545448346906726e-6,4.458000415213822e-6,4.884816631650505e-6
2017-10-02,2.2393292074948147e-6,5.333940824236653e-6,4.818925629881303e-6
2017-10-03,2.309134685010384e-6,3.090963552478674e-6,4.593876878885357e-6
2017-10-04,2.3151124743470893e-6,5.986011977368417e-6,4.623218813456371e-6
2017-10-05,1.3047736125451159e-6,3.3552742792646913e-6,4.171469889356459e-6
2017-10-06,2.401374743081473e-6,3.98319097849407e-6,4.883591925678858e-6
2017-10-09,2.4316645123700526e-6,4.619625732977745e-6,4.246210139645235e-6
2017-10-10,3.3800168536006627e-6,6.908901932233577e-6,7.306199899818265e-6
2017-10-11,1.6847465087288906e-6,2.430943031493687e-6,3.1002710412644925e-6
2017-10-12,2.30020541723244e-6,4.49444782158369e-6,3.422467142484419e-6
2017-10-13,2.2226868329388488e-6,3.999531069918339e-6,3.3915524941234933e-6
2017-10-16,1.4148086022139553e-6,2.9881935371808485e-6,2.6757828526428234e-6
2017-10-17,1.1444616761862157e-6,1.9909235823904035e-6,2.058693330293234e-6
2017-10-18,1.973021369555654e-6,2.425713677455432e-6,2.582613126399072e-6
2017-10-19,1.8044566991838208e-6,7.1892283814182675e-6,5.599905535967616e-6
2017-10-20,1.2676316103525004e-6,3.5220044418695757e-6,2.885156587807578e-6
2017-10-23,3.7305575544906776e-6,6.3835218227312365e-6,4.706971685265393e-6
2017-10-24,3.5495675107030093e-6,4.4655429302254035e-6,6.027795954421142e-6
2017-10-25,1.374869789869526e-5,2.906715855420652e-5,2.206588437348192e-5
2017-10-26,5.903749516732005e-6,1.1552977036602404e-5,9.145422640265712e-6
2017-10-27,4.646235919849172e-6,1.2014155505048405e-5,1.15016632904942e-5
2017-10-30,6.068671530168963e-6,1.0319337606518512e-5,1.002184050386621e-5
2017-10-31,2.3608043545721494e-6,3.007381340587552e-6,3.1949190897977994e-6
2017-11-01,5.402225135894911e-6,9.941655388781584e-6,9.350910473980092e-6
2017-11-02,9.934895275044358e-6,2.048111355711549e-5,1.7926234393072118e-5
2017-11-03,2.2691865525472618e-6,5.4953994720138995e-6,4.163342365979551e-6
2017-11-06,1.44476963870531e-6,2.410472810312668e-6,2.5952166075125785e-6
2017-11-07,4.924906921495965e-6,1.0607362510565293e-5,7.438455348945409e-6
2017-11-08,2.529250928727095e-6,5.862020690060313e-6,5.171918838695109e-6
2017-11-09,1.503727745672427e-5,2.3456269599614985e-5,2.8924863270300763e-5
2017-11-10,3.5560667877927356e-6,5.746344510083792e-6,5.793503085193437e-6
2017-11-13,2.0207094143491784e-6,5.796741611890916e-6,5.456134933872916e-6
2017-11-14,1.0799512355194298e-5,1.2767487342323018e-5,1.7617505369441354e-5
2017-11-15,1.5896630474874228e-5,3.206931925652448e-5,1.6842364232176618e-5
2017-11-16,1.611898331343978e-6,6.5571982900435265e-6,5.887828730214025e-6
2017-11-17,3.54712156361353e-6,3.7362537971592305e-6,4.3543228817827206e-6
2017-11-20,2.0700891702740094e-6,1.9871667941876994e-6,4.996292518427361e-6
2017-11-21,1.0752254007551704e-6,5.988474522725696e-6,4.139103337630914e-6
2017-11-22,1.8742831979172835e-6,2.8107916180978045e-6,2.300637797107597e-6
2017-11-24,4.753453190571231e-7,1.298564870412032e-6,1.2497171208244099e-6
2017-11-27,2.4114422939970216e-6,6.208798046639451e-6,4.936666827092419e-6
2017-11-28,3.4223964182212835e-6,1.3316620494278147e-5,1.0798584600783993e-5
2017-11-29,8.98758107556309e-6,1.5841652569279e-5,1.2549413265966522e-5
2017-11-30,9.93681134799982e-6,3.448007045299192e-5,2.421978672815624e-5
2017-12-01,6.136829203421262e-5,0.00012153326780725501,9.288459015233771e-5
2017-12-04,1.3811559346274863e-5,2.2126935928573484e-5,2.3825134359364177e-5
