date,close,rv,bv,rets
2013-12-17,178.62,0.2666502363156603,0.148409442862826,-0.3241856285089942
2013-12-18,181.7,1.427290079955943,1.0761399836158192,1.709633114638533
2013-12-19,181.52,0.1086391706586047,0.1371812778098274,-0.0991134930539131
2013-12-20,181.55,0.1458384223850802,0.1203691024471456,0.0165257388758529
2013-12-23,182.46,0.0480034476265952,0.05508523359666,0.4999873056983425
2013-12-24,182.96,0.0105085926358528,0.0112905465476577,0.2736578797197459
2013-12-26,183.86,0.0277700379309392,0.0272917959432378,0.4907048721082862
2013-12-27,183.84,0.042567313494599,0.0407448705651317,-0.0108784335163111
2013-12-30,183.8,0.0366183794605512,0.0401063525076462,-0.0217604178858812
2013-12-31,184.55,0.0751128673230686,0.0829200438784089,0.4072219554420809
2014-01-02,182.94,0.262364648696671,0.2244474468581335,-0.8762199247789185
2014-01-03,182.8,0.1755805787802459,0.1397142652850924,-0.0765571208168659
2014-01-06,182.4,0.2479463907756142,0.2506094312256107,-0.2190581379818698
2014-01-07,183.45,0.0908961757453659,0.0876930048969316,0.5740073161059981
2014-01-08,183.53,0.2222960619889287,0.2323034569058152,0.0435991069089608
2014-01-09,183.63,0.2038269600070208,0.1524051239880195,0.0544721660707405
2014-01-10,184.07,0.2002531745650758,0.1996429189902811,0.2393256513542555
2014-01-13,181.73,0.2527729507541267,0.2254418963362717,-1.2794050951460814
2014-01-14,183.68,0.1938502267859,0.1750534772208879,1.0673044038031658
2014-01-15,184.67,0.16498853988446,0.1022083486819152,0.5375335326579496
2014-01-16,184.41,0.0959637496557462,0.0888667989032744,-0.1408908870753534
2014-01-17,183.61,0.1246947739170779,0.1261584961408824,-0.4347596652932073
2014-01-21,184.19,0.2413911361764916,0.220381227833657,0.3153890596915851
2014-01-22,184.35,0.1276212073894377,0.1468054119435959,0.0868291149141973
2014-01-23,182.77,0.283985296768629,0.2455355600238367,-0.8607592913802645
2014-01-24,178.885,0.4276774032023205,0.3921265566994293,-2.14853904907947
2014-01-27,178.01,0.7504486270397808,0.6996553097199917,-0.4903412786214625
2014-01-28,179.07,0.2359283085373131,0.2403838893306135,0.5937062359326643
2014-01-29,177.32,0.7903636797782243,0.9259201127509452,-0.9820780971815382
2014-01-30,179.32,0.2115163607330863,0.2322098808144996,1.1215909410385874
2014-01-31,178.1,0.6607368023109009,0.6519951406717219,-0.6826728991622717
2014-02-03,174.17,1.0666783768523551,1.0575878230118905,-2.231335655192246
2014-02-04,175.39,0.5685202062289993,0.4974803916629235,0.6980232026352822
2014-02-05,175.14,0.5783012527933469,0.5039893877036703,-0.1426411675968059
2014-02-06,177.42,0.3044761453470697,0.334462688111468,1.2934148998362447
2014-02-07,179.69,0.2439778242909369,0.2292931546205814,1.2713340845921592
2014-02-10,180.01,0.1124214614984757,0.1179440455158083,0.1779260964250799
2014-02-11,181.95,0.177112056030539,0.2104703650258561,1.071951915555564
2014-02-12,182.08,0.1969866414321421,0.167950413032268,0.0714226879797468
2014-02-13,183.05,0.2248630027245358,0.198769802526036,0.5313188628279216
2014-02-14,184.0,0.1165489298763356,0.1009541275882394,0.5176418042740234
2014-02-18,184.25,0.1212111588027318,0.0944944565177886,0.1357773460460288
2014-02-19,183.02,0.4215443534813536,0.2959618046558683,-0.6698094582213812
2014-02-20,184.16,0.2813975082714255,0.209355971708408,0.6209508486340293
2014-02-21,183.91,0.1954799898350478,0.225480519035234,-0.1358437462682836
2014-02-24,184.99,0.280844375066824,0.2583277080862174,0.5855262052408136
2014-02-25,184.8,0.3191635036549921,0.3462928633397522,-0.1027610355713908
2014-02-26,184.83,0.278324259627683,0.3109591091617265,0.0162324487005217
2014-02-27,185.83,0.2927228792592393,0.2793393307880621,0.5395793590970289
2014-02-28,186.33,0.4265000793201461,0.4430876674580057,0.2687017953761942
2014-03-03,184.93,0.4793092934576741,0.4973962439248879,-0.754192014253612
2014-03-04,187.68,0.1226997056096412,0.0916091263060844,1.4761009808380223
2014-03-05,187.74,0.1201691309315464,0.1479274965126888,0.0319642003680485
2014-03-06,188.18,0.1405339359122849,0.1471529868894196,0.2340924669773703
2014-03-07,188.21,0.2866822057966982,0.3178768526599647,0.0159409123853056
2014-03-10,188.18,0.2031706861070953,0.1599256155575308,-0.0159409123853121
2014-03-11,187.19,0.2542853573055835,0.2658709599782845,-0.5274807765381857
2014-03-12,187.26,0.2810149540134701,0.2793575491843734,0.0373881697505205
2014-03-13,185.19,0.4827593537929524,0.5742084881835442,-1.1115700436828764
2014-03-14,184.61,0.5043219319996951,0.4401254293948179,-0.3136833291436017
2014-03-17,186.34,0.362603657367023,0.2743626292487962,0.9327470239800756
2014-03-18,187.69,0.1779579409425708,0.1654034194945821,0.7218703645879578
2014-03-19,186.69,0.6983550934231917,0.3773746854458014,-0.5342178418922254
2014-03-20,187.76,0.3264567229103018,0.316948407342508,0.5715064293531896
2014-03-21,186.22,0.315629328085026,0.3261163847422016,-0.8235781082384294
2014-03-24,185.42,0.4172434859716833,0.3587087913983105,-0.4305248281547396
2014-03-25,186.33,0.2420374421060676,0.2704768645726706,0.489577306048511
2014-03-26,184.96,0.4192593132650217,0.397688981664821,-0.7379709755308699
2014-03-27,184.62,0.6370546014143998,0.6302043458671842,-0.1839926922007182
2014-03-28,185.47,0.3441304927238722,0.2519615236882939,0.4593485339190115
2014-03-31,187.0,0.1617687373950918,0.1978383451621338,0.8215472953391093
2014-04-01,188.26,0.0993782075760516,0.0676081609701894,0.6715369264487416
2014-04-02,188.88,0.1755230857041235,0.1827479923557742,0.3287906658183372
2014-04-03,188.63,0.1777586026106932,0.1981114459066741,-0.1324468419624276
2014-04-04,186.39,0.6839800624936266,0.550297104899744,-1.194617161392106
2014-04-07,184.32,0.5109140011890959,0.4792529609836524,-1.1167875236185685
2014-04-08,185.11,0.571652604367635,0.7253622730223365,0.4276865464067358
2014-04-09,187.12,0.2788608664097911,0.1911936026082805,1.0799879304329765
2014-04-10,183.14,0.9357679066034592,0.8624015477378519,-2.149923459633761
2014-04-11,181.48,0.6845124913029176,0.8325328407490955,-0.910543288382286
2014-04-14,182.94,0.4994329917073103,0.5982137762403332,0.8012775432455375
2014-04-15,184.23,0.8564032181350604,0.7683306425435416,0.7026746781199056
2014-04-16,186.12,0.2059741601938611,0.2191695687593926,1.0206649967030303
2014-04-17,186.37,0.1876136154489216,0.1775851251020009,0.1342318116125936
2014-04-21,187.06,0.1529484240126895,0.135336199716522,0.3695475913831295
2014-04-22,187.86,0.1017993939205103,0.0925707143423555,0.4267583559964443
2014-04-23,187.47,0.1260005628513019,0.1374519559076024,-0.2078171957269387
2014-04-24,187.82,0.4596624036235879,0.5121593102904965,0.1865224767367496
2014-04-25,186.31,0.2070404768416148,0.2174715884773664,-0.8072104344205012
2014-04-28,186.9,0.7582800417339954,0.7648606740271465,0.3161761429254691
2014-04-29,187.74,0.1594929732242377,0.1622970690431744,0.4484312447328586
2014-04-30,188.39,0.146489393044004,0.1083539924660351,0.3456255268437131
2014-05-01,188.32,0.2361613221492203,0.2307884050539334,-0.0371638665316388
2014-05-02,188.07,0.4502410608639586,0.3784606779021598,-0.1328409557979777
2014-05-05,188.42,0.2405496777672586,0.1158380367645151,0.185927966653482
2014-05-06,186.83,0.2121348117718839,0.1799321757294169,-0.8474401148775537
2014-05-07,187.9,0.4734079994011624,0.5515731146405558,0.5710793947673576
2014-05-08,187.69,0.3025797524220176,0.2761599991423893,-0.111824075126116
2014-05-09,188.02,0.3091845506851615,0.2505137707982895,0.1756674482246408
2014-05-12,189.78,0.0963061357930251,0.0941956634990106,0.9317166395207644
2014-05-13,189.95,0.1171029232629597,0.1177537560331667,0.0895373088022084
2014-05-14,189.06,0.1740999513837517,0.1577849054484844,-0.4696454636396245
2014-05-15,187.38,0.511354695928547,0.4633691581077959,-0.8925784474196122
2014-05-16,188.09,0.3008845719899499,0.2906570158732398,0.3781931159671025
2014-05-19,188.75,0.121558306313228,0.1261431828817617,0.3502816446420923
2014-05-20,187.52,0.2903238652292604,0.3287108069408268,-0.6537881740486257
2014-05-21,189.11,0.1154672488623541,0.1070794472791374,0.8443349950533788
2014-05-22,189.6,0.1035200702818464,0.0937204535200673,0.2587733481739759
2014-05-23,190.38,0.0283932060800261,0.0285077587586379,0.4105485002237792
2014-05-27,191.54,0.0712499936374406,0.0797951483706557,0.6074589270314034
2014-05-28,191.35,0.1024375543402461,0.109392997452088,-0.0992452221761988
2014-05-29,192.38,0.0729352340463394,0.068463810036351,0.5368370852758282
2014-05-30,192.65,0.0781599139598044,0.0744849179402688,0.1402488347697179
2014-06-02,192.89,0.2192179147049891,0.1950528545216967,0.1245007163982191
2014-06-03,192.8,0.0583286944959701,0.054903506228378,-0.0466696059703489
2014-06-04,193.18,0.0570444049686819,0.0463888210047956,0.1969014574704596
2014-06-05,194.45,0.1866000574833121,0.1687827597115979,0.6552663850606429
2014-06-06,195.38,0.0612173544611994,0.0554657857132089,0.4771319623040331
2014-06-09,195.59,0.0779218506013349,0.0842206909499982,0.1074251324629855
2014-06-10,195.6,0.0854216762139972,0.0767222905881804,0.0051126051290469
2014-06-11,194.94,0.0795265360310694,0.0632249307782002,-0.3379938691653005
2014-06-12,193.53,0.1611091445418464,0.1927701748926147,-0.7259279696803871
2014-06-13,194.14,0.2273984629447517,0.2394467393490209,0.3147009071820229
2014-06-16,194.31,0.1861184919018498,0.2000452020209511,0.0875273578855174
2014-06-17,194.82,0.1504409843536439,0.1484277888687025,0.2621233479874065
2014-06-18,196.24,0.1599059687956792,0.165770097970182,0.7262344607424351
2014-06-19,196.49,0.083035351553272,0.0761361355774649,0.1273139478870581
2014-06-20,195.96,0.0407512647191828,0.0399053536835521,-0.2700982658730398
2014-06-23,195.89,0.0604092983845843,0.047851242088898,-0.0357279575065165
2014-06-24,194.7,0.2317679999197144,0.2157785995280891,-0.6093364817154975
2014-06-25,195.56,0.1604790710666692,0.1618199697998821,0.4407325332290922
2014-06-26,195.45,0.3438258579756727,0.2879902332962931,-0.0562645471481028
2014-06-27,195.81,0.1487554995653418,0.1307763764378441,0.1840209076271903
2014-06-30,195.71,0.0680376738018606,0.0763465603088946,-0.0510829598357972
2014-07-01,197.06,0.0985133867223334,0.1047504974337667,0.6874279177450674
2014-07-02,197.25,0.0371944803754181,0.047869890912339,0.0963708831655163
2014-07-03,198.24,0.0272609942142335,0.0360198915992952,0.5006458154848829
2014-07-07,197.54,0.0817865562439672,0.0774250153779275,-0.3537322400851131
2014-07-08,196.27,0.2098444592903148,0.2173482519432588,-0.6449833181993484
2014-07-09,197.12,0.2050615579727065,0.2047116126337861,0.4321418047167182
2014-07-10,196.335,0.2431725570819411,0.2859145969627329,-0.3990296433362609
2014-07-11,196.6,0.1123540808176716,0.1067423837653111,0.1348823801273883
2014-07-14,197.59,0.0284212975236761,0.0322518153501311,0.5022969032659851
2014-07-15,197.23,0.3196025920791869,0.2964762906849583,-0.1823616330314137
2014-07-16,197.98,0.0874051978176233,0.0734616548282101,0.3795455076249263
2014-07-17,195.72,0.3494706509332255,0.3244216696700587,-1.1480949070738515
2014-07-18,197.72,0.1556729193046379,0.1210726877213824,1.0166822017835635
2014-07-21,197.31,0.1393758486049373,0.1497358286361732,-0.2075792457389189
2014-07-22,198.19,0.0606638576051689,0.0543393914102464,0.4450070554886949
2014-07-23,198.64,0.0547374050365014,0.0503717001969684,0.2267974663654717
2014-07-24,198.65,0.0893323321994255,0.0661706890809862,0.0050341060696841
2014-07-25,197.71,0.1109353556593034,0.1084388054742197,-0.474317167381885
2014-07-28,197.79,0.2538922938454244,0.1860397110194706,0.0404551206528822
2014-07-29,196.96,0.2340021588066366,0.2115530947737212,-0.4205199357174462
2014-07-30,197.0,0.3022320910873453,0.2893919036329898,0.0203066301845041
2014-07-31,193.06,0.5564343297078292,0.6464299358971174,-2.0202707317519466
2014-08-01,192.49,0.7172412928078038,0.6403663348452759,-0.2956817093924887
2014-08-04,193.89,0.2334752015069845,0.2279734490518572,0.7246783616369639
2014-08-05,191.98,0.6843198378217191,0.4564077090895082,-0.9899788007522878
2014-08-06,192.05,0.5082887389232911,0.5474716426615878,0.0364554856523022
2014-08-07,191.02,0.4204090224840949,0.3192425389651909,-0.537762018532233
2014-08-08,193.24,0.2469239931296614,0.2557611407771779,1.1554805079614303
2014-08-11,193.79,0.1494717775318229,0.1281839002186909,0.2842158851952084
2014-08-12,193.54,0.2426678729317634,0.1949842572942706,-0.129088908536165
2014-08-13,194.9,0.1135128912045717,0.0831933289303145,0.7002397060718749
2014-08-14,195.73,0.0661771596176008,0.0746380722904319,0.4249552000917139
2014-08-15,195.73,0.4676917819706074,0.4194014297118262,0.0
2014-08-18,197.36,0.0685148350815026,0.0378638168544553,0.8293313706668838
2014-08-19,198.38,0.0311119181625484,0.0205379579795654,0.5154911096746361
2014-08-20,198.91,0.0842987391337662,0.0715815958536877,0.2668077799121653
2014-08-21,199.5,0.0970209117631036,0.0859043619324934,0.2961775212948913
2014-08-22,199.16,0.1760506776826995,0.1743328611328052,-0.1705714555936194
2014-08-25,200.17,0.0543467463822581,0.0599461191317243,0.5058483728632631
2014-08-26,200.34,0.053118890177981,0.040407669407828,0.0848917681003699
2014-08-27,200.28,0.0461446383546811,0.0415175475711742,-0.0299535721874141
2014-08-28,200.14,0.0850213697280076,0.0868217563287812,-0.0699265799434045
2014-08-29,200.69,0.0691050624006281,0.0614481273522731,0.2744307288281836
2014-09-02,200.59,0.1240269723464426,0.0810605726221817,-0.0498405113985528
2014-09-03,200.51,0.0881424673711016,0.0776522887039059,-0.039890302199375
2014-09-04,200.22,0.1665323906478352,0.181789624975959,-0.144735882327494
2014-09-05,201.13,0.2587369550050725,0.2575974788887276,0.4534703173791893
2014-09-08,200.6,0.1135226757550117,0.1068524385182422,-0.2638589637294516
2014-09-09,199.33,0.3329923788744452,0.2919973288259936,-0.6351132793160826
2014-09-10,200.09,0.2667101870183725,0.2331143716541182,0.3805522593727163
2014-09-11,200.28,0.198312820419671,0.1893144498727262,0.0949122133342688
2014-09-12,199.13,0.1922473322102873,0.1415742269596672,-0.5758509691160268
2014-09-15,198.98,0.2014079918293063,0.1949028336770115,-0.075356060937012
2014-09-16,200.49,0.2019635162596966,0.1894797837378064,0.7560053029874881
2014-09-17,200.73,0.2931112646021373,0.2971337181825295,0.1196351271746609
2014-09-18,201.77,0.1102824272052424,0.1278218563169645,0.5167713363751351
2014-09-19,200.73,0.1190829369844267,0.1069642266541893,-0.5167713363751398
2014-09-22,199.13,0.1945459631925405,0.2154877228846537,-0.8002843692251448
2014-09-23,197.99,0.2179521755723266,0.1834359898666823,-0.5741353401976514
2014-09-24,199.565,0.2086249548643999,0.2177188980491679,0.7923473431621959
2014-09-25,196.32,0.5068424702127096,0.4365196240736316,-1.639401683762784
2014-09-26,197.95,0.252529447216624,0.2425831142340535,0.8268492589538207
2014-09-29,197.53,0.319881136562156,0.2618813907170673,-0.2124002012230393
2014-09-30,197.0,0.4185501952721387,0.4025134497717424,-0.2686742801920669
2014-10-01,194.34,0.729322272358197,0.7285150619113805,-1.3594526326695526
2014-10-02,194.39,0.5809951768142205,0.4987929068724885,0.0257247962728413
2014-10-03,196.52,0.5045244996817329,0.4478532607137641,1.089775692642604
2014-10-06,196.26,0.3487674134430879,0.3220102344271394,-0.1323896522100067
2014-10-07,193.265,0.4511780274428271,0.3771452317886211,-1.5378006659418315
2014-10-08,196.64,0.9038456562447252,0.745290980997532,1.7312341698795335
2014-10-09,192.67,1.112192347455341,0.9766910214710376,-2.0395764925055886
2014-10-10,190.51,1.0806167795284063,0.780466949118592,-1.1274194265325244
2014-10-13,187.38,1.5630748028473282,1.7270782712079564,-1.6566046104301355
2014-10-14,187.75,1.084209765751726,1.2527886516481967,0.1972650121201948
2014-10-15,186.28,3.0949625203944904,3.446265564689188,-0.7860372530067642
2014-10-16,186.24,2.527173679039252,2.245957930044453,-0.0214753571103395
2014-10-17,188.55,0.7653887308047143,0.648471092885372,1.232705916129313
2014-10-20,190.33,0.3802085293758722,0.3483575527322836,0.9396183995326534
2014-10-21,194.05,0.2648517756657595,0.2935669313374326,1.9356450115222628
2014-10-22,192.71,0.6355662228933359,0.735343139500833,-0.6929389605086123
2014-10-23,194.95,0.41442765762494,0.3437153275019355,1.1556647218777027
2014-10-24,196.38,0.3436022888836967,0.3988303917204346,0.7308442312537822
2014-10-27,196.11,0.321991146995663,0.2731102068620895,-0.1375831448396215
2014-10-28,198.36,0.194748452489185,0.198507482530212,1.140783532818533
2014-10-29,198.14,0.681425433645204,0.735019048000074,-0.1109710076049119
2014-10-30,199.45,0.3721514644528182,0.3438883717237388,0.6589726806531528
2014-10-31,201.66,0.2452772419037417,0.2419094772152812,1.101953261365364
2014-11-03,201.75,0.2190678338547083,0.221967902016317,0.0446196184988951
2014-11-04,201.11,0.2672297667684933,0.2661069589290267,-0.3177285103546661
2014-11-05,202.38,0.2279890178040955,0.1967507390155299,0.6295096255102399
2014-11-06,203.19,0.1893232224502852,0.2234441633626211,0.3994383593308183
2014-11-07,203.37,0.1296918151744404,0.1307176127789302,0.0885478216061965
2014-11-10,203.97,0.0769760597704364,0.0824083572465594,0.294594409549391
2014-11-11,204.17,0.0654249208500369,0.0739443259714982,0.0980055941630233
2014-11-12,203.98,0.1115302620982781,0.103378714760168,-0.0931030325736152
2014-11-13,204.17,0.2861659309887318,0.2769584361602477,0.0931030325736185
2014-11-14,204.25,0.1206272228191946,0.1308299025905742,0.039175359200406
2014-11-17,204.38,0.174878665853214,0.1667715800578711,0.0636272443950627
2014-11-18,205.55,0.1092273522623109,0.1132007768818401,0.5708307159824436
2014-11-19,205.19,0.1777660707749918,0.1362744835608565,-0.175293417823124
2014-11-20,205.59,0.1133550687126283,0.1415311715092356,0.1947515100185727
2014-11-21,206.69,0.104249524662881,0.1037556136034303,0.5336191957902368
2014-11-24,207.28,0.0673828169689017,0.067086292877517,0.2850450030110075
2014-11-25,207.18,0.1032983050383048,0.090052966025187,-0.0482555623898583
2014-11-26,207.66,0.0264790388791397,0.0249204085936232,0.2314146245351802
2014-11-28,207.21,0.0562585020850482,0.0614205423729832,-0.2169355106316573
2014-12-01,205.8,0.3077993234837323,0.2167016084079979,-0.6827948369041947
2014-12-02,207.09,0.1556245103899393,0.1081461653593124,0.6248657983544562
2014-12-03,207.92,0.0608547131177279,0.06924333775278,0.3999908949740867
2014-12-04,207.66,0.153680548901082,0.1764940866238894,-0.1251263457926871
2014-12-05,208.0,0.1427428842887741,0.1420929521322785,0.1635952826010096
2014-12-08,206.62,0.2735510116584529,0.2572669995759009,-0.6656722280018643
2014-12-09,206.46,0.4251032217087836,0.4488670029652451,-0.0774668383855347
2014-12-10,203.17,0.7263581432462206,0.6759460752959245,-1.6063622027925015
2014-12-11,204.17,0.6852153337894413,0.538696145176868,0.4909913138589024
2014-12-12,200.87,0.8462678426216985,0.7429645633715319,-1.6295047501651312
2014-12-15,199.48,1.219599875175875,1.1641222577740822,-0.6943951968535069
2014-12-16,197.94,1.513339428548724,1.2803523172837492,-0.775002620937675
2014-12-17,201.91,1.48520154608786,1.5239489607091643,1.985809909373776
2014-12-18,206.785,0.5782812893546297,0.507723684963718,2.385755259215474
2014-12-19,206.54,0.3324096544602707,0.4632360101039396,-0.1185507911179715
2014-12-22,207.45,0.0909220662053737,0.098198893365817,0.4396248535619048
2014-12-23,207.75,0.1182176204041718,0.0941900656562784,0.1445086956680712
2014-12-24,207.8,0.0365898834984985,0.0150088271014193,0.0240644929569597
2014-12-26,208.42,0.0370297493259821,0.0514699284844011,0.297919589915427
2014-12-29,208.73,0.06615190015755,0.0678403108544854,0.1486276193533628
2014-12-30,207.61,0.0671492396647529,0.0689380322871742,-0.5380231069357062
2014-12-31,205.53,0.2902822075109678,0.237284993075606,-1.0069311005540449
2015-01-02,205.4,0.646555480015963,0.5710985102785222,-0.0632711188459509
2015-01-05,201.81,0.3987916877555546,0.4437020935428457,-1.763263678883378
2015-01-06,199.83,1.372872094882701,1.2634996443828788,-0.9859655612426352
2015-01-07,202.34,0.5149098117097013,0.5754497122147418,1.24824456845465
2015-01-08,205.93,0.2353130101913265,0.2735556546042423,1.7586854439512305
2015-01-09,204.18,0.6570532609327318,0.6809772567154875,-0.8534347476387347
2015-01-12,202.62,0.8799562709268195,0.965653017346286,-0.7669654115338019
2015-01-13,202.07,1.5281300127924713,1.4561856680352958,-0.2718131600126504
2015-01-14,200.91,1.1154180086618055,0.9455340939218932,-0.5757125435336322
2015-01-15,199.01,1.0492560243240208,1.0408110325037117,-0.9501971871846772
2015-01-16,201.55,0.7514521692671866,0.654066562191926,1.268241484495307
2015-01-20,202.04,0.7620800635062358,0.7928824512498529,0.2428208036677038
2015-01-21,203.09,0.859987538790989,0.710718505305853,0.5183532945166474
2015-01-22,206.09,0.7453537449199122,0.7610961917600934,1.4663736038398727
2015-01-23,204.95,0.2277101939875838,0.2286274783419113,-0.5546919633070643
2015-01-26,205.46,0.3147613436113293,0.3336467139815515,0.2485320837771224
2015-01-27,202.74,0.5259749273335983,0.4663806268979032,-1.3326997833864025
2015-01-28,200.07,0.8363658766374534,0.7034588923402278,-1.3257064641929024
2015-01-29,201.99,0.801532998074025,0.8890409564340193,0.9550885912974628
2015-01-30,199.44,0.91385028783017,1.0900275310617724,-1.2704752009996867
2015-02-02,201.86,1.295109715908766,1.3204591129281138,1.2060948595411047
2015-02-03,204.8,0.4843501699815674,0.5178824100676295,1.4459505354639322
2015-02-04,204.07,0.487329211859899,0.4802278668401111,-0.3570820924358416
2015-02-05,206.18,0.2372495154856156,0.2792223100190997,1.0286501427244348
2015-02-06,205.51,0.3553951335217082,0.4361564544031659,-0.3254879115409878
2015-02-09,204.59,0.3997009634100203,0.4599512764736324,-0.4486718085093739
2015-02-10,206.8,0.2809926267011513,0.2163516062762837,1.0744166166539049
2015-02-11,206.94,0.2829076979385848,0.2722451705079224,0.0676753542530472
2015-02-12,208.9,0.1058689387984429,0.0982314824804324,0.9426772385715648
2015-02-13,209.8,0.1150203491574378,0.1132407224132868,0.4299027399676812
2015-02-17,210.16,0.1256176791614148,0.1109439993470851,0.1714449415087608
2015-02-18,210.15,0.1666430674879599,0.1374499820517339,-0.0047583926158642
2015-02-19,210.01,0.0789739229973399,0.0838627081214526,-0.0666412819788846
2015-02-20,211.27,0.2107492334886396,0.1930996776487349,0.5981787680806455
2015-02-23,211.21,0.1002163829995244,0.1077426021000886,-0.0284037116092526
2015-02-24,211.84,0.1010271374204403,0.0857882666210157,0.2978373552592558
2015-02-25,211.61,0.1202150548279167,0.1142111862203252,-0.1086314901963319
2015-02-26,211.4,0.1721551851237805,0.1768608856943716,-0.0992884410542782
2015-02-27,210.7,0.1359604981461681,0.1114626702688691,-0.3316752625994038
2015-03-02,212.005,0.0836565264154679,0.0910384274704206,0.6174538489409934
2015-03-03,211.13,0.2088144269848456,0.1982627723400436,-0.4135801799561729
2015-03-04,210.23,0.2622027184355525,0.2070017598020052,-0.4271888022957215
2015-03-05,210.45,0.1459202231167323,0.1615227074880915,0.104592573954519
2015-03-06,207.48,0.3567002888133304,0.3646722863973426,-1.4213145733380137
2015-03-09,208.38,0.1304268800585947,0.1497670888449417,0.4328386500838147
2015-03-10,204.98,0.3635853295750748,0.3709721077145781,-1.6450922580620797
2015-03-11,204.51,0.318667211192368,0.3707557284094688,-0.2295539360613268
2015-03-12,207.11,0.2649985904834059,0.2452484962433806,1.2633179045256149
2015-03-13,205.84,0.5522906167571229,0.6298416223175667,-0.61508851145709
2015-03-16,208.65,0.1345793426412015,0.1745262690611813,1.3559039064072946
2015-03-17,207.98,0.229297997032002,0.2308192735925781,-0.3216285805474982
2015-03-18,210.44,1.2798973659034962,1.2193414319356126,1.175865563051978
2015-03-19,209.48,0.2859803000204443,0.3322527587855381,-0.4572307451319543
2015-03-20,210.42,0.1636459903675306,0.1061366287304737,0.4477263968854796
2015-03-23,210.03,0.1577247724055883,0.0847257935611382,-0.1855155722925723
2015-03-24,208.81,0.2234213158842112,0.2179295088318828,-0.582563007524539
2015-03-25,205.75,0.4987685177054439,0.369773099136551,-1.4762908024791317
2015-03-26,205.28,0.5531507980576071,0.6068040112974928,-0.2286938689852844
2015-03-27,205.72,0.235132715707122,0.2441841149930664,0.214112003938923
2015-03-30,208.26,0.1691210160912806,0.1278957342335514,1.2271278195034463
2015-03-31,206.45,0.3164223325355125,0.3390143570116489,-0.872904676965072
2015-04-01,205.76,0.698247322142724,0.6511819341185772,-0.3347811282844648
2015-04-02,206.37,0.3422256080784874,0.3214360455230594,0.2960233156777941
2015-04-06,207.84,0.3094232609375013,0.3347437817489823,0.7097878716256864
2015-04-07,207.26,0.2056558320408928,0.1590874211198805,-0.2794509166218096
2015-04-08,207.99,0.6562870282059527,0.7008020544931305,0.3515957866437559
2015-04-09,208.94,0.362465941915061,0.3979069557202292,0.4557127786853224
2015-04-10,210.04,0.0753143636266718,0.0753966217178038,0.525085936029667
2015-04-13,209.08,0.1731890401015859,0.1400087933365811,-0.45810349249373
2015-04-14,209.48,0.3139706181385878,0.3790372503487836,0.1911315566565683
2015-04-15,210.44,0.1816281058140705,0.1699830828987291,0.4572307451319635
2015-04-16,210.36,0.1334057038601127,0.1496588153123323,-0.0380228141462999
2015-04-17,207.93,0.3220793073152281,0.2144888151833715,-1.1618864123140404
2015-04-20,209.85,0.1431642162298173,0.1216549620649079,0.919150518159672
2015-04-21,209.62,0.1512517899544494,0.1362958886426321,-0.1096622037568564
2015-04-22,210.64,0.2961168840176195,0.1926280352568354,0.4854147446022515
2015-04-23,211.18,0.239067913606253,0.1850092311440783,0.2560335190314398
2015-04-24,211.65,0.1026735766927471,0.1227010585119116,0.2223116588564447
2015-04-27,210.77,0.2667802958846803,0.2043923278220793,-0.4166475417976857
2015-04-28,211.42,0.3665876366907969,0.2947114940414032,0.3079184791561209
2015-04-29,210.55,0.4047985241808119,0.4351330361300317,-0.4123521732580039
2015-04-30,208.46,0.5154698045427756,0.4461502885692487,-0.997597829676054
2015-05-01,210.68,0.2575194489863829,0.2729715656684972,1.0593218304012264
2015-05-04,211.35,0.0961250818759879,0.0783679123560173,0.3175132397610184
2015-05-05,208.9,0.3307130778754149,0.3207979571910512,-1.1659858450278806
2015-05-06,208.03,0.6885531998297288,0.576489535871648,-0.4173368492228809
2015-05-07,208.88,0.3315277056530324,0.3535270096459304,0.4077624320582074
2015-05-08,211.63,0.0698867164878493,0.0686661626315316,1.3079542481488864
2015-05-11,210.605,0.1361979021762311,0.1211050002440859,-0.4855125763908141
2015-05-12,209.96,0.4797680780358587,0.3985635294936583,-0.3067304724355043
2015-05-13,210.04,0.2718152462655478,0.269876230047553,0.0380952385559368
2015-05-14,212.21,0.0895908443688444,0.0859754247761942,1.02783616532998
2015-05-15,212.47,0.0858707365116022,0.075427898731346,0.1224451504589014
2015-05-18,213.08,0.048661702662519,0.0565688772420863,0.2866880121251196
2015-05-19,213.02,0.1113975965340119,0.1033357894870148,-0.0281624033778745
2015-05-20,212.87,0.2696259329341033,0.2375281355898967,-0.0704407270433106
2015-05-21,213.47,0.0902636525877789,0.0903320469614499,0.2814656828421421
2015-05-22,212.97,0.0802345275506556,0.0714112597475746,-0.2344996853603829
2015-05-26,210.73,0.2834427973076829,0.3225011827382736,-1.057361751028277
2015-05-27,212.68,0.1363117635319439,0.1445197360066763,0.921099542701637
2015-05-28,212.49,0.2455642379874092,0.2272438831564944,-0.0893760202496785
2015-05-29,211.1,0.382363235984715,0.3583383720085884,-0.6562973579366022
2015-06-01,211.58,0.4094803294916185,0.3664235872604484,0.2271222704353613
2015-06-02,211.37,0.3402958825443798,0.2593177262065014,-0.0993025261883132
2015-06-03,211.93,0.2151633549202703,0.1856382093739682,0.2645879171737273
2015-06-04,210.215,0.2979720323289559,0.3161306390247649,-0.8125214962735203
2015-06-05,209.79,0.3717038551351758,0.3065973904415751,-0.2023786121862441
2015-06-08,208.47,0.1176970725630682,0.1015532948904055,-0.6311884389539396
2015-06-09,208.45,0.195862859162181,0.2031525137545018,-0.0095941667539813
2015-06-10,210.94,0.1961259699879844,0.1287668988505304,1.1874528521662282
2015-06-11,211.6,0.1544181477195232,0.1621671189066287,0.3123967135676036
2015-06-12,209.99,0.1841186193622227,0.197594999217033,-0.7637789448117426
2015-06-15,209.09,0.2848360101360796,0.2820413654818549,-0.4295129252695082
2015-06-16,210.26,0.2288742223044002,0.1706890306589003,0.5580078864353027
2015-06-17,210.62,0.4573061894695222,0.4709329157364855,0.1710701804766298
2015-06-18,212.75,0.1728802201262953,0.1566479028868354,1.006220550103243
2015-06-19,210.46,0.1615839375251638,0.1300563940530543,-1.0822156140817354
2015-06-22,211.91,0.0864357499537498,0.1112993815804355,0.6866044919808307
2015-06-23,212.03,0.0802417839797443,0.0463937898742941,0.0566117861984634
2015-06-24,210.49,0.1449436025365143,0.1511730581013419,-0.7289628038708175
2015-06-25,209.81,0.1928825208201846,0.1592899562189172,-0.3235786787141654
2015-06-26,209.83,0.2789636870320869,0.2533458651097104,0.0095319797994331
2015-06-29,205.43,0.3933635353786073,0.4336880785185609,-2.1192335762183903
2015-06-30,205.9,0.6580417507524576,0.6319627315667325,0.2285270729323956
2015-07-01,207.52,0.2513649367661995,0.3035568593923256,0.7837106534390068
2015-07-02,207.3,0.1558812613852936,0.1374004213722514,-0.1060701126399793
2015-07-06,206.71,0.324686637689282,0.2515403610439105,-0.2850174630589304
2015-07-07,207.99,0.7714767242445699,0.846233856566123,0.6173156811364233
2015-07-08,204.48,0.6935316926078992,0.6205060247056459,-1.7019830433338847
2015-07-09,204.88,0.4081991301617403,0.3682735059858308,0.1954270702099903
2015-07-10,207.46,0.1935170212620756,0.2038816079744796,1.2514108112412317
2015-07-13,209.77,0.1092315415790456,0.1176054586656427,1.1073142407016214
2015-07-14,210.68,0.0691808818376623,0.0704328585837109,0.4328702204490346
2015-07-15,210.64,0.11856886834284,0.1119608053771371,-0.0189879427134758
2015-07-16,212.26,0.0710231106260623,0.0831912231521734,0.7661423145622597
2015-07-17,212.45,0.0340770379552259,0.0337272314006456,0.089472822714416
2015-07-20,212.62,0.0659939872424155,0.065549010573335,0.0799868299638744
2015-07-21,211.75,0.1198311686442512,0.1142242676783058,-0.4100201328295361
2015-07-22,211.34,0.1529837465915509,0.1493339531136313,-0.1938122519279031
2015-07-23,210.17,0.1621744926454972,0.223305253016957,-0.555148397356395
2015-07-24,207.97,0.2334124276371783,0.1913736552066431,-1.0522888509491182
2015-07-27,206.76,0.4459079584932534,0.4496909555760033,-0.5835138201991035
2015-07-28,209.29,0.3238365952129205,0.3617193752054955,1.2162149674047835
2015-07-29,210.74,0.2087349202246381,0.1934193366944286,0.690429616949528
2015-07-30,210.79,0.1784157925485543,0.1848295349124348,0.023723104042161
2015-07-31,210.47,0.2272907693027366,0.1974906424522062,-0.1519252060722803
2015-08-03,209.76,0.2717327526844607,0.2619245338207417,-0.3379105135690819
2015-08-04,209.35,0.2897611330864364,0.3072640294693873,-0.1956527550237335
2015-08-05,210.1,0.1957880258880639,0.2040670960405154,0.357611538580245
2015-08-06,208.46,0.4123057754305033,0.3424743609781614,-0.7836431539778412
2015-08-07,207.92,0.295552735458322,0.276493700474357,-0.2593785977941554
2015-08-10,210.59,0.1157707866026022,0.1104968826673041,1.2759724858452364
2015-08-11,208.63,0.2650373480817901,0.3051439597532955,-0.935076704990433
2015-08-12,208.88,0.543807751560339,0.5113025147836933,0.1197576249090777
2015-08-13,208.63,0.3446790452791682,0.3710031389946535,-0.1197576249090713
2015-08-14,209.4,0.1613711281685849,0.1577657099218259,0.3683950294653863
2015-08-17,210.58,0.2766955982050031,0.2610269970270518,0.5619329992176884
2015-08-18,209.96,0.1041038597082424,0.1144468310212567,-0.2948592044514317
2015-08-19,208.31,0.8759387205382956,0.8486983113911811,-0.7889681588275599
2015-08-20,203.92,0.6378511072073941,0.6698364710071103,-2.129959472796354
2015-08-21,197.53,1.7183624952345145,1.489581089931025,-3.1837288527950767
2015-08-24,189.47,9.77103244597446,9.475920081228857,-4.16597708956384
2015-08-25,187.22,3.203373136532793,4.36855604583184,-1.1946304700672152
2015-08-26,194.52,3.954980526587124,4.338777477304574,3.825058959198646
2015-08-27,199.29,1.920268852412139,1.775701258892115,2.422606480967444
2015-08-28,199.29,1.1453208449058478,1.3289156033200114,0.0
2015-08-31,197.61,0.6585758392750599,0.8658517461147391,-0.8465659024548126
2015-09-01,191.61,1.4699294532357858,1.4379752318217147,-3.083333507910376
2015-09-02,195.45,1.2505938548548896,1.0181712550752782,1.984253599735612
2015-09-03,195.55,0.8502679674716644,1.0686918665167984,0.0511508962559327
2015-09-04,192.57,1.011477714070491,0.9029242085314024,-1.5356377209726757
2015-09-08,197.52,0.4916868471186221,0.5977767342330536,2.538012104512757
2015-09-09,194.79,0.7838365163325297,0.83023199021489,-1.3917789848419106
2015-09-10,195.87,1.1140605585015395,1.006637292187793,0.552911867814673
2015-09-11,196.75,0.4462151607387451,0.4313565766110976,0.4482713430860807
2015-09-14,196.0,0.491193749397548,0.6204096864113191,-0.3819228066995384
2015-09-15,198.49,0.2556863790811164,0.3031188386954082,1.2624061793969108
2015-09-16,200.19,0.3338178364442837,0.3545266993838156,0.8528194559138631
2015-09-17,199.76,1.321369359415672,1.2421459364988856,-0.2150269612107108
2015-09-18,195.42,0.8745266375320808,0.9532818531822228,-2.196555745532072
2015-09-21,196.46,0.7061659493263959,0.6344265382154554,0.5307759730526416
2015-09-22,193.88,0.6364581560375696,0.7110148430715214,-1.3219437269548378
2015-09-23,193.57,0.4782644089628735,0.4153551932853795,-0.1600206819720904
2015-09-24,192.93,0.9236168988767304,0.7677233476091531,-0.3311775342572756
2015-09-25,192.81,1.1695886611946953,1.027789320337973,-0.0622180763577009
2015-09-28,187.93,1.019284044955164,1.1566420421429116,-2.5635694982795
2015-09-29,188.05,1.710747886782733,1.7663866721401054,0.0638331847835922
2015-09-30,191.67,0.8947400024469225,0.8826000537747829,1.9067258366016135
2015-10-01,192.15,0.9969980173438566,1.0892498507716046,0.2501173728491509
2015-10-02,194.98,1.044341231925335,1.2981034841056986,1.462067219027235
2015-10-05,198.49,0.3132863449155787,0.3862059431426601,1.784173182336089
2015-10-06,197.82,0.5590479757463263,0.467270266090258,-0.338119471279169
2015-10-07,199.45,0.9484879625220268,0.966202169840324,0.8206052039721011
2015-10-08,201.21,0.5353320261313208,0.5477451114561462,0.8785560428339964
2015-10-09,201.36,0.2314361975840058,0.2145646156406815,0.0745212047304967
2015-10-12,201.55,0.1542728492705919,0.1722306699513501,0.0943138736114449
2015-10-13,200.22,0.2790640015572064,0.25025225685314,-0.6620727571837223
2015-10-14,199.27,0.453459960069063,0.5492521280255506,-0.475607294684482
2015-10-15,202.33,0.283964142403125,0.3188535350556197,1.5239338746610436
2015-10-16,203.14,0.1758186712198092,0.1777192246895894,0.3995368720251744
2015-10-19,203.33,0.2364162265299935,0.268685670251147,0.0934878410895404
2015-10-20,203.07,0.2645668422727879,0.2926614919050234,-0.1279527733624512
2015-10-21,201.81,0.6178009565460387,0.6446651387020367,-0.6224086483001842
2015-10-22,205.22,0.4354009715191738,0.4621504297493707,1.6755913728438856
2015-10-23,207.51,0.2964147945058376,0.3522377052975763,1.1096956846539905
2015-10-26,206.97,0.1537393810493831,0.1532156453669637,-0.2605676054476032
2015-10-27,206.58,0.2628229064492939,0.222670553574638,-0.1886108647639565
2015-10-28,208.96,0.8129869701513924,0.9344197509481892,1.1455099509578832
2015-10-29,208.87,0.2394930036485026,0.2612268990387102,-0.0430797220840489
2015-10-30,207.85,0.3872012446765292,0.2854575301332833,-0.4895383168579337
2015-11-02,210.37,0.1534496992449521,0.2742448020589629,1.205121944729144
2015-11-03,210.95,0.1488386674343733,0.114765742933529,0.2753253424409644
2015-11-04,210.36,0.3597015703171256,0.2988422599641099,-0.2800789849204099
2015-11-05,210.11,0.3722858804323061,0.4715243539277445,-0.1189145620185697
2015-11-06,210.02,0.3907259667015095,0.4678719124721838,-0.042843882311052
2015-11-09,208.06,0.4825350163299843,0.4364787493969309,-0.9376264635098222
2015-11-10,208.51,0.2697369067385151,0.2933285830074329,0.2160502076680221
2015-11-11,207.7,0.1963730017922606,0.1842798888755752,-0.389227083736277
2015-11-12,204.88,0.4177469240359447,0.462182645755947,-1.3670288990796742
2015-11-13,202.54,0.4753372744147575,0.5220141027658206,-1.1487043987130925
2015-11-16,205.6,0.7122123166177742,0.4375119244571614,1.4995135676871096
2015-11-17,205.38,0.5864515288460285,0.6220646342941804,-0.1070611810861075
2015-11-18,208.72,0.3218788990028216,0.2926765668792958,1.6131719058324014
2015-11-19,208.54,0.2404672790083329,0.1959614362173799,-0.0862771467025978
2015-11-20,209.35,0.1375775544735563,0.141957790394175,0.3876623103705273
2015-11-23,209.06,0.2095865952363804,0.2355597625166116,-0.1386200360591247
2015-11-24,209.38,0.3839981608407784,0.3305574563993321,0.1529490786647709
2015-11-25,209.33,0.0989334254721567,0.1175145136528073,-0.0238828784780184
2015-11-27,209.53,0.0372992494212797,0.0278392392094945,0.0954973094588031
2015-11-30,208.67,0.1861276261349151,0.1424403396860082,-0.4112870455723333
2015-12-01,210.74,0.2960151889025806,0.3331028084106464,0.9871089426088252
2015-12-02,208.5,0.2513169070738963,0.2843568303282751,-1.068610493252548
2015-12-03,205.6,0.8116674105002651,0.7752748329572748,-1.4006507657846077
2015-12-04,209.62,0.7768739201598566,0.6228992985016474,1.9363834161021392
2015-12-07,208.29,0.4916035266498187,0.5153647888249223,-0.6365028308739668
2015-12-08,206.96,0.9023115434654464,0.9208530477345256,-0.6405801555517938
2015-12-09,205.36,1.1047707714746626,1.1525180955300278,-0.7761001314888721
2015-12-10,205.82,0.5413794392477039,0.6183386901261423,0.2237463845060611
2015-12-11,201.85,0.5564588784591078,0.6814730703737301,-1.9477153108995824
2015-12-14,202.99,1.4525223142990304,1.6941144086799595,0.5631869445726676
2015-12-15,205.08,0.5064128991810589,0.6436100608933537,1.0243430170823478
2015-12-16,207.98,0.8835265430200707,1.0602831029457689,1.4041774316586717
2015-12-17,204.89,0.910609324396262,0.7476548290408748,-1.496867147297895
2015-12-18,199.96,0.966493363758783,0.8663284579875925,-2.4355903213738084
2015-12-21,201.66,0.4655937005595842,0.423005522782647,0.8465764419699701
2015-12-22,203.5,0.4295497458683448,0.482048016132397,0.908289391758044
2015-12-23,206.02,0.1605066061043976,0.1825952806561115,1.2307246572897772
2015-12-24,205.57,0.1298249157096226,0.0969975032856707,-0.2186642917965818
2015-12-28,205.2,0.2017560555057556,0.2098936803058935,-0.1801495240967193
2015-12-29,207.43,0.1595950411915239,0.1183626685790307,1.080882006143976
2015-12-30,205.93,0.1785360905857782,0.1329547201793903,-0.7257628140797322
2015-12-31,203.9,0.4304991364624879,0.3832854942080682,-0.9906627636847164
2016-01-04,200.99,0.7450017459472361,0.8589245683541576,-1.437452200274902
2016-01-05,201.43,0.5761446081427182,0.5710759148715797,0.2186770912672135
2016-01-06,198.79,0.8110385168197842,0.6533786505691407,-1.319293534390279
2016-01-07,194.01,1.7258678935139182,1.8023081976788755,-2.433928701981888
2016-01-08,191.9,1.2784436152042158,1.2489067865453436,-1.0935301112956828
2016-01-11,192.08,1.4331679643451978,1.4812982964984658,0.0937548899343589
2016-01-12,193.62,1.5845382263689969,1.8303480393111693,0.7985523378927724
2016-01-13,188.84,1.6779914193879994,1.6480841553312646,-2.49973796138395
2016-01-14,191.89,2.1573827247631607,2.094351492229962,1.602219550356498
2016-01-15,187.78,2.521116911283612,2.6925677359316684,-2.1651226351249537
2016-01-19,188.05,2.253942539463282,2.302183939460633,0.1436820085944133
2016-01-20,185.79,3.747152580302152,3.436983986832721,-1.2090881298266287
2016-01-21,186.68,2.952314218810248,3.0968576354435444,0.4778917463535729
2016-01-22,190.49,0.7093863701976949,0.7849543480704865,2.0203778668991745
2016-01-25,187.66,0.5016854407174479,0.4884320554669223,-1.4967884888703102
2016-01-26,190.18,0.6714863105934491,0.5455853274439093,1.3339177249394665
2016-01-27,188.12,2.005169010178421,1.6984981970357849,-1.0890935034450973
2016-01-28,189.14,1.4328360710368802,1.497780147822555,0.5407424510518719
2016-01-29,193.7,0.6639981750204453,0.6534756984438778,2.3823088825584184
2016-02-01,193.68,0.5899091501531871,0.535506523036314,-0.010325778314703
2016-02-02,190.13,0.7553595293940253,0.8658004153001896,-1.8499263908308348
2016-02-03,191.19,3.1211954629331786,2.515954130599298,0.5559649272817822
2016-02-04,191.55,1.615096434492057,1.3496962288823495,0.1881173152345717
2016-02-05,187.95,1.1372815378778538,1.034897824245857,-1.8972901136471088
2016-02-08,185.37,1.7244037760549966,1.58502178740888,-1.3822142269189046
2016-02-09,185.37,2.935286933780752,3.3662541342319487,0.0
2016-02-10,185.29,1.2138555932927475,1.2122581309390132,-0.0431662446674728
2016-02-11,183.06,1.6740233596636285,1.4684608339337095,-1.210819733768986
2016-02-12,186.64,0.5825475891552578,0.6307564492346671,1.936765975654121
2016-02-16,189.77,0.4853411212251791,0.4665036199312539,1.6631184852712964
2016-02-17,192.88,0.3727813492864268,0.4988868580086033,1.6255421307028135
2016-02-18,192.05,0.5359870919273279,0.4667763890329184,-0.4312479081001777
2016-02-19,192.02,0.4214379697339306,0.4174254563997723,-0.0156221522436056
2016-02-22,194.79,0.2322383098051611,0.1852352191912676,1.432252191902717
2016-02-23,192.36,0.4592469427483537,0.3542961569160154,-1.2553438779043018
2016-02-24,193.22,0.9907798320429232,0.9351175692829432,0.446081967990152
2016-02-25,195.53,0.4494109178676346,0.4281215653069315,1.188438424881988
2016-02-26,195.13,0.52518283549381,0.3705736354733328,-0.2047817231276193
2016-02-29,193.5,0.5370403480123516,0.369962988179836,-0.8388490637070823
2016-03-01,198.18,0.5296621635803158,0.5473909476874915,2.3898196160916805
2016-03-02,199.0,0.4007515199905216,0.4248018661452589,0.4129116093739182
2016-03-03,199.76,0.2266841110006704,0.2333295495491307,0.3811821247025351
2016-03-04,200.38,0.3414305547789404,0.3984563617357721,0.3098917859599159
2016-03-07,200.6,0.4610525530376455,0.4995970938837947,0.1097311696718294
2016-03-08,198.37,0.3428391372528306,0.3592814644611653,-1.1178901787817892
2016-03-09,199.42,0.4259984254689567,0.3765216064003007,0.5279179660629552
2016-03-10,199.54,0.9420797035716628,0.874963179223248,0.0601564084714159
2016-03-11,202.74,0.230170368911919,0.2424803577835787,1.59096524688926
2016-03-14,202.5,0.2205100839365409,0.1838530174190032,-0.1184483407659838
2016-03-15,202.17,0.199358066718707,0.2053318222763318,-0.1630958920358528
2016-03-16,203.39,0.7842615296341013,0.6974624307521836,0.601639057116866
2016-03-17,204.64,0.2645715809607991,0.3080410906751056,0.612701963312858
2016-03-18,204.44,0.2014327997114157,0.2247887226136586,-0.0977803930453708
2016-03-21,204.68,0.1844720342531068,0.1539291133912777,0.1173250036812234
2016-03-22,204.59,0.2510507019319953,0.2050781956896092,-0.0439807469155995
2016-03-23,203.24,0.2211250767796874,0.22832977300753,-0.6620429742203879
2016-03-24,203.14,0.1904001889756949,0.1988639748397692,-0.0492150214176182
2016-03-28,203.26,0.1888614025139699,0.1415986601686973,0.0590551198265331
2016-03-29,205.15,0.356785234331483,0.2125539141091442,0.925547117857472
2016-03-30,206.07,0.1783592843779771,0.1731755247785545,0.4474498005704778
2016-03-31,205.56,0.1227391517239787,0.1104318903473527,-0.2477954769871049
2016-04-01,206.89,0.284832678250544,0.2208427990652443,0.6449288931623023
2016-04-04,206.27,0.1468238318525045,0.1482491328471362,-0.3001260845148874
2016-04-05,204.19,0.3301393256459079,0.3426346345504241,-1.0135057275559622
2016-04-06,206.42,0.3122110709702297,0.3484360234887143,1.0861995202843882
2016-04-07,203.93,0.486925873695859,0.4564452495984772,-1.2136130433531356
2016-04-08,204.52,0.347694817050515,0.2631162077658511,0.2888972507542682
2016-04-11,203.98,0.387378313611953,0.350662425890456,-0.2643820389426536
2016-04-12,205.94,0.3371726890962991,0.3676314892491418,0.9562914406232812
2016-04-13,208.02,0.2116672013864295,0.2207661988361754,1.0049364696382412
2016-04-14,208.02,0.1050544344321893,0.1022408024167133,0.0
2016-04-15,207.81,0.0750939227528849,0.0627747035177248,-0.1010028222363743
2016-04-18,209.28,0.1453868550552234,0.1340606243827296,0.7048867566210557
2016-04-19,209.87,0.2181695335484647,0.1893897483246101,0.2815223140496044
2016-04-20,210.06,0.1208531599119614,0.1253147572699756,0.0904912785299479
2016-04-21,208.96,0.1700210156736805,0.1930203729640416,-0.5250358106563
2016-04-22,208.99,0.2469390515149485,0.2239445336511458,0.0143557842093759
2016-04-25,208.61,0.2107038972741892,0.1865453724497068,-0.1819923873964961
2016-04-26,208.98,0.2030462084983453,0.2296080145966545,0.177207354976986
2016-04-27,209.36,0.3684522379113393,0.3183804516326268,0.1816704615925667
2016-04-28,207.48,0.3724426160378524,0.4952558148632487,-0.902030873869104
2016-04-29,206.32,0.6133578340991659,0.781052261158614,-0.5606587910110127
2016-05-02,207.97,0.2020238980855569,0.2117989615979269,0.7965476956740247
2016-05-03,206.14,0.2938136546860417,0.2397409378568296,-0.8838288921183013
2016-05-04,204.99,0.238884131788533,0.243056648737628,-0.5594352147849961
2016-05-05,204.98,0.2921749497889772,0.2570666098595111,-0.0048784057379797
2016-05-06,205.7,0.3890300823238724,0.3435202529213414,0.350638325549466
2016-05-09,205.88,0.2227027379245529,0.2421326952637925,0.0874678125642343
2016-05-10,208.43,0.1692195040581287,0.1283967846935511,1.2309778669025622
2016-05-11,206.56,0.1756909839242242,0.1539991236972519,-0.9012326355246963
2016-05-12,206.56,0.4016898900108867,0.3552347456808405,0.0
2016-05-13,204.76,0.3905434378065085,0.4140780052294818,-0.8752365508949944
2016-05-16,206.78,0.1571332903921303,0.1509883938194957,0.9816864569164512
2016-05-17,204.88,0.3749218696315613,0.3887695879184915,-0.923098426727722
2016-05-18,204.96,0.8806859452910782,0.7944066455376266,0.0390396257154338
2016-05-19,204.22,0.620768232504275,0.3856436107577614,-0.3616994021032291
2016-05-20,205.47,0.1934751807305456,0.2028822019431861,0.6102193750531715
2016-05-23,205.15,0.120947873934155,0.0939353935988496,-0.1558618989728377
2016-05-24,207.86,0.1468788980889068,0.1401127475730605,1.3123357272080631
2016-05-25,209.23,0.1772127653055741,0.2014797804928342,0.6569349190884141
2016-05-26,209.3,0.0965520137604762,0.0967232315083322,0.0334504100794252
2016-05-27,210.2,0.0803075023665611,0.0696319946232568,0.4290828990896668
2016-05-31,209.9,0.184481412124421,0.13893734549661,-0.1428231616263389
2016-06-01,210.28,0.2131993720950556,0.1753905464752435,0.1808749124660025
2016-06-02,210.91,0.1729994753881649,0.124210809014069,0.2991526246275857
2016-06-03,210.3,0.2587053927087398,0.2454873773872045,-0.2896419488869046
2016-06-06,211.35,0.0966968127016634,0.1052399660280101,0.4980444304144751
2016-06-07,211.67,0.0563020201890041,0.0639345469746474,0.1512931119280151
2016-06-08,212.34,0.1431105738854179,0.142682878430979,0.3160305453348115
2016-06-09,212.01,0.1153558014157564,0.0990850975383072,-0.1555320214554397
2016-06-10,210.06,0.1903359144659469,0.2136001910513993,-0.9240239176243272
2016-06-13,208.44,0.3320592566434586,0.2727195813080884,-0.7741974153615507
2016-06-14,208.08,0.4531960309908939,0.4721723318926402,-0.1728608900617742
2016-06-15,207.75,0.2513465906586388,0.2290116756279484,-0.1587187404838564
2016-06-16,208.42,0.5195939909944419,0.52709294536785,0.3219840828723791
2016-06-17,206.57,0.3317546866596865,0.2263248068187824,-0.8915936554120051
2016-06-20,207.86,0.2145401121678876,0.1505414031976815,0.6225438150114438
2016-06-21,208.39,0.1579600789290804,0.1643939857112919,0.2546547922722526
2016-06-22,208.05,0.2188477202666079,0.185591411561515,-0.1632888654047941
2016-06-23,210.83,0.1229381467778076,0.1335015062208664,1.3273686102951805
2016-06-24,203.23,1.6596018081120831,1.586590905102464,-3.671377892968642
2016-06-27,199.59,0.9265846889955274,1.1072610609353195,-1.8073080180309813
2016-06-28,203.16,0.4340756432872693,0.4679868308969696,1.772858351113836
2016-06-29,206.67,0.1508947086958286,0.1558713521944404,1.7129472340169822
2016-06-30,209.5,0.4428290067002599,0.4173075345243164,1.3600421088978374
2016-07-01,209.82,0.1700402538215357,0.247652651522663,0.1526280941147058
2016-07-05,208.43,0.2221827617417398,0.2020037945981667,-0.6646766849760108
2016-07-06,209.75,0.419993385914127,0.3758355210723105,0.6313091893736179
2016-07-07,209.52,0.2494229931767874,0.2277940124856032,-0.1097145147859012
2016-07-08,212.65,0.1128689864363786,0.0779938230339094,1.482842150018596
2016-07-11,213.41,0.1137981254055404,0.1106476661026872,0.3567576426236857
2016-07-12,214.94,0.0909484053413685,0.0870133937351922,0.7143721287127721
2016-07-13,214.93,0.170183561759012,0.1281479724456731,-0.0046525693822746
2016-07-14,216.07,0.1934162902680335,0.1929165337273722,0.5290035538394278
2016-07-15,215.81,0.1411671716148684,0.1355937834678757,-0.1204038304206371
2016-07-18,216.4,0.0823363867514229,0.0876417336958627,0.2730156018954239
2016-07-19,216.155,0.0634423258772613,0.0554893209048068,-0.113280404202744
2016-07-20,217.1,0.0764038763924219,0.0682567646375195,0.4362333953947148
2016-07-21,216.26,0.1011033895076667,0.0915946904342037,-0.3876689366855139
2016-07-22,217.23,0.0845118124979204,0.0861309635603359,0.447531255144795
2016-07-25,216.66,0.0886383311504777,0.072586306535548,-0.262739555141772
2016-07-26,216.73,0.3146661697124812,0.1983483673397982,0.0323034682889414
2016-07-27,216.54,0.2551274025221184,0.2550228138665325,-0.0877051317558537
2016-07-28,216.78,0.2266680311047536,0.2043872478293323,0.1107726504851611
2016-07-29,217.14,0.1905219945255681,0.1732832424335158,0.1659292416102141
2016-08-01,216.9,0.2073977001956055,0.2262910646680304,-0.1105888970877303
2016-08-02,215.55,0.3177366142815195,0.3303781758642917,-0.6243516639685047
2016-08-03,216.2,0.0706007957425037,0.0655300137321509,0.3011004011964131
2016-08-04,216.41,0.143226643153705,0.1204542314549389,0.0970851420423278
2016-08-05,218.17,0.0711528335872061,0.0676289445079929,0.809981877840167
2016-08-08,218.03,0.0445969725995846,0.0517205693028549,-0.0641907403976045
2016-08-09,218.16,0.0621791143778516,0.0575456503368342,0.0596070537376186
2016-08-10,217.64,0.1108763011207891,0.0732501915121726,-0.2386416919608516
2016-08-11,218.65,0.0793654896695453,0.0867439011608898,0.4629956241204997
2016-08-12,218.45,0.0467922815319117,0.0578222934949985,-0.0915122461484779
2016-08-15,219.125,0.0357963624274779,0.0348059839727722,0.3085187843953674
2016-08-16,217.98,0.1031107526850059,0.0653673841858091,-0.5239027780233011
2016-08-17,218.37,0.1806229534564899,0.1486546301737133,0.1787556337110692
2016-08-18,218.87,0.0577482815395862,0.0465695789494821,0.2287074457717467
2016-08-19,218.57,0.1156228250999076,0.1208526942401918,-0.1371616893897806
2016-08-22,218.5,0.2579701744620885,0.1722281374919148,-0.0320314826451116
2016-08-23,218.94,0.0438762241030302,0.0376381162619468,0.2011705140766524
2016-08-24,217.88,0.1290159735120725,0.0685602890674739,-0.4853267160937546
2016-08-25,217.63,0.1137249341572136,0.0977383663699855,-0.1148079389497982
2016-08-26,217.25,0.447337867461894,0.4299931278795973,-0.1747608980474267
2016-08-29,218.36,0.1074302216648277,0.0515605821894921,0.5096312768055399
2016-08-30,217.97,0.0901163289652469,0.0981281586266923,-0.178763827313569
2016-08-31,217.38,0.1156036910686451,0.0871819226841318,-0.2710464505380337
2016-09-01,217.41,0.2758705440599278,0.2995066244461753,0.0137997654258949
2016-09-02,218.37,0.1177662259061645,0.1005977210159644,0.4405900008976439
2016-09-06,219.07,0.1174879763764907,0.1274987564542942,0.3200441649131794
2016-09-07,219.06,0.083588104758584,0.0764909722182683,-0.0045648551807591
2016-09-08,218.53,0.0926056073285427,0.0828553135537148,-0.2422360013539526
2016-09-09,213.29,0.4611946130668429,0.4472747231267255,-2.427056282913009
2016-09-12,216.34,0.7255271200020644,0.8433318993053686,1.4198502149212582
2016-09-13,213.23,0.5668839197112225,0.5673209835030993,-1.447984886400101
2016-09-14,213.14,0.4547382331324225,0.4838231074655518,-0.0422168545332451
2016-09-15,215.29,0.2796259921405671,0.2322901883419831,1.003672968042755
2016-09-16,213.34,0.2518183145229235,0.2084684723814426,-0.9098819275900752
2016-09-19,213.39,0.2510513341239063,0.2261944336562036,0.0234340216196748
2016-09-20,213.42,0.2259927860970575,0.1873357367538108,0.0140577774885358
2016-09-21,215.79,0.3985941243158208,0.3101962358135581,1.104365735895582
2016-09-22,217.15,0.1581426256437314,0.1324884370995907,0.6282646433456336
2016-09-23,215.98,0.0919114834042998,0.1124130772242648,-0.540254817621731
2016-09-26,214.21,0.1528136334915329,0.1347021584881862,-0.8228968539888857
2016-09-27,215.55,0.2121349377060656,0.1890402871251636,0.6236058928418898
2016-09-28,216.66,0.1981507344616033,0.1427173315300802,0.5136403324277642
2016-09-29,214.67,0.5227455435544627,0.5493264671574127,-0.9227339251424336
2016-09-30,216.36,0.2019405900889277,0.1636420405914121,0.7841721737229119
2016-10-03,215.69,0.1403438406976952,0.19520744123239,-0.3101495368943531
2016-10-04,214.72,0.4761564083335793,0.5301736279930012,-0.4507337850965723
2016-10-05,215.66,0.1608320265884203,0.1851991124115597,0.436823967060922
2016-10-06,215.83,0.1454554687385035,0.078467034105823,0.0787967316952801
2016-10-07,215.06,0.3631354541842838,0.3072492019413355,-0.3574001808498919
2016-10-10,216.11,0.0563727405676977,0.061155493053453,0.4870478352555419
2016-10-11,213.45,0.3694721643376014,0.3278033945558309,-1.2384924110964528
2016-10-12,213.72,0.1940529254769672,0.1434080532610849,0.1264133885599565
2016-10-13,213.04,0.3085959203990697,0.2226359721750957,-0.3186805583893876
2016-10-14,213.09,0.2659156797532066,0.2822129463673161,0.0234670172151502
2016-10-17,212.4,0.1566344918220706,0.169877618248611,-0.3243322310044549
2016-10-18,213.69,0.1034405400854659,0.0880858426900459,0.6055077290588226
2016-10-19,214.25,0.0761944154945074,0.0465200601469041,0.2617190819517025
2016-10-20,213.89,0.3314498578211861,0.3452544400240716,-0.1681693300522189
2016-10-21,213.93,0.0808185490784703,0.053070150033621,0.0186994530954944
2016-10-24,214.85,0.0661170115814623,0.0564969421056597,0.4291251512682193
2016-10-25,214.18,0.0940115327089622,0.092728912911468,-0.3123327248275057
2016-10-26,213.74,0.1571371181255602,0.0842124397171505,-0.2056459875978353
2016-10-27,213.17,0.2891898658891002,0.2772216636318905,-0.267035365164759
2016-10-28,212.51,0.6792199812271945,0.4220195399191741,-0.3100923364333917
2016-10-31,212.51,0.1362369595582576,0.1264316489179292,0.0
2016-11-01,211.0,0.3710261037210664,0.3728405213760692,-0.7130912604702679
2016-11-02,209.7,0.4982259727305466,0.5412016841694176,-0.618019556819224
2016-11-03,208.84,0.1581952121803076,0.1784511789661347,-0.4109529365522584
2016-11-04,208.51,0.2597854023403736,0.2611173312723961,-0.1581406822922346
2016-11-07,213.11,0.1518180688286212,0.1055197530384584,2.1821462609805358
2016-11-08,214.07,0.2604076380561357,0.2326152515700663,0.4494600009896375
2016-11-09,216.41,1.5487615936006358,1.649909071284484,1.087169228640006
2016-11-10,216.87,0.9388950330948288,1.1796775434240725,0.2123339054784194
2016-11-11,216.46,0.3127260424383097,0.3907305739968339,-0.1892322813315039
2016-11-14,216.53,0.2957468082089612,0.3389674584273206,0.0323333105198026
2016-11-15,218.25,0.1233115923180215,0.1189484239962615,0.7912088747513266
2016-11-16,217.93,0.1045859890655875,0.1136167090926358,-0.1467284411991732
2016-11-17,218.95,0.0765702105037196,0.0790719182785481,0.4669482939687475
2016-11-18,218.52,0.0642454663669249,0.0559697629305051,-0.1965849719890396
2016-11-21,220.11,0.0692355553595945,0.0787141179629009,0.7249877866495769
2016-11-22,220.53,0.0742961136743715,0.0670498188337833,0.190631866009339
2016-11-23,220.71,0.0620364736105539,0.0490738398154786,0.0815882558176905
2016-11-25,221.53,0.0171513438491773,0.0130245532703391,0.3708397882301265
2016-11-28,220.54,0.0922973716712825,0.0760965626561318,-0.4478936164051713
2016-11-29,220.89,0.1537992479101784,0.1311167957747823,0.1585755718202813
2016-11-30,220.33,0.2221853017575279,0.1335033932502239,-0.253841757263759
2016-12-01,219.52,0.2131733042085611,0.2565248278645142,-0.3683077938577033
2016-12-02,219.66,0.1372298405819123,0.1769659169843775,0.063755182267929
2016-12-05,220.92,0.0909982700553582,0.1161033260262464,0.5719748672786908
2016-12-06,221.69,0.093392103861215,0.0742258105737422,0.3479364572874955
2016-12-07,224.57,0.2498918482698223,0.2717949293347651,1.29074529845883
2016-12-08,225.14,0.1370380785818262,0.1403385677487724,0.2534968336207812
2016-12-09,226.5,0.1013916076314192,0.1026118667263887,0.6022513996430847
2016-12-12,226.22,0.146159480329418,0.1499155761457226,-0.1236967819853738
2016-12-13,227.71,0.1384095961035967,0.13587110200538,0.6564912437338362
2016-12-14,225.92,0.8247347360017276,0.918602628458882,-0.7891935235696219
2016-12-15,226.77,0.28868807697019,0.3035583739361631,0.3755333667317763
2016-12-16,225.07,0.1797781195039907,0.1510143202089914,-0.75248230416904
2016-12-19,225.5,0.1372480817460731,0.1152477165354308,0.1908694012228375
2016-12-20,226.37,0.0608887408282231,0.057846132749582,0.3850669772301445
2016-12-21,225.8,0.0271333097182684,0.0263295083499493,-0.2521176999472783
2016-12-22,225.44,0.0784910901362937,0.0636073633145597,-0.1595603565191623
2016-12-23,225.69,0.0181976011326926,0.0158519217660732,0.1108328089869864
2016-12-27,226.25,0.0533434007152347,0.0610143210386283,0.2478206339795569
2016-12-28,224.43,0.1588815006826868,0.1762424978576252,-0.8076728027612249
2016-12-29,224.36,0.1255699308690225,0.1320578695435895,-0.0311949912287079
2016-12-30,223.55,0.2899911001763118,0.2021810359611896,-0.3616801960146546
2017-01-03,225.19,0.2825778664495432,0.2617251774692285,0.7309387626258512
2017-01-04,226.53,0.0937612218308636,0.1087049361881839,0.5932896177195575
2017-01-05,226.36,0.1130433784212961,0.088741178599051,-0.0750734209120721
2017-01-06,227.23,0.1885178545454852,0.1442390517185313,0.3836068109383238
2017-01-09,226.49,0.0689437936216539,0.0734613529648764,-0.3261926545637628
2017-01-10,226.43,0.124131159899975,0.127377836429689,-0.0264947453638547
2017-01-11,227.07,0.4298074808341169,0.4189792179707808,0.2822493604755631
2017-01-12,226.57,0.2672994832115198,0.1823481385511573,-0.2204392039822993
2017-01-13,227.04,0.0874373989816993,0.0789345066552766,0.2072265462369879
2017-01-17,226.3,0.107950486191702,0.0927560584351434,-0.3264660772240773
2017-01-18,226.74,0.108373236518974,0.1126044456597867,0.1942433949960987
2017-01-19,225.95,0.1356182171156023,0.1072153042309064,-0.3490250732164023
2017-01-20,226.7,0.1826550655326833,0.1551388095959412,0.3313821656194514
2017-01-23,226.18,0.1890715874079727,0.1779021661992518,-0.2296415070302276
2017-01-24,227.57,0.0770524926943318,0.0725703712767475,0.6126740927946203
2017-01-25,229.49,0.0653172369837133,0.0674566026179173,0.8401572195393192
2017-01-26,229.295,0.0816065122048963,0.0814373991904287,-0.0850071435389702
2017-01-27,228.99,0.0425243248913044,0.0391933740910903,-0.1331049652641982
2017-01-30,227.62,0.2736376011673034,0.2816179880276747,-0.6000762624744975
2017-01-31,227.56,0.1262807154066246,0.1300826754760173,-0.0263631971297131
2017-02-01,227.64,0.2060871946024159,0.1809013524775389,0.0351493852476533
2017-02-02,227.77,0.1747265448388004,0.1707940260196491,0.0570914136848518
2017-02-03,229.38,0.068905778290471,0.0663516307212814,0.704366906460496
2017-02-06,228.96,0.0665535743941819,0.0626972791784703,-0.1832701128235616
2017-02-07,228.97,0.080665675920402,0.0908589639994765,0.0043674797464919
2017-02-08,229.26,0.0804170919196629,0.0612222351286139,0.1265740081257728
2017-02-09,230.57,0.0663783070264325,0.0609450726110976,0.5697773281658256
2017-02-10,231.48,0.0576861233401909,0.0612344754893381,0.39389727371162
2017-02-13,232.73,0.0468341484652253,0.0430326898815332,0.5385506650935595
2017-02-14,233.71,0.1001100175544941,0.0972197625673213,0.420204717436017
2017-02-15,234.87,0.0785533075031311,0.0819620847958297,0.4951139056998709
2017-02-16,234.73,0.1788064184627433,0.1861224544263545,-0.0596252147136707
2017-02-17,235.06,0.0693012768489337,0.0602509439728226,0.140488326391226
2017-02-21,236.46,0.1255691327730013,0.140419451946666,0.5938259730259324
2017-02-22,236.3,0.0768686921100657,0.086212278461638,-0.0676876242105142
2017-02-23,236.45,0.1099381512922515,0.0999397321387688,0.0634584897022485
2017-02-24,236.78,0.112758380735461,0.085260193789727,0.1394670893605459
2017-02-27,237.13,0.0994949578195661,0.095868980903587,0.1477073974528058
2017-02-28,236.52,0.1043043138713741,0.0797692858071814,-0.257574300538905
2017-03-01,239.74,0.1344541988287612,0.0917768498908936,1.3522231826324642
2017-03-02,238.33,0.1377356348189779,0.1623105997151721,-0.5898734864847038
2017-03-03,238.48,0.1068274451663389,0.0921178978356365,0.0629181455709222
2017-03-06,237.76,0.0814001784393606,0.0650162811182591,-0.3023687840421639
2017-03-07,237.05,0.0927504551751707,0.092042241879772,-0.2990672181266864
2017-03-08,236.59,0.0969299604168238,0.0948651758251543,-0.1942404123930146
2017-03-09,236.83,0.104326676171664,0.1060253414341528,0.1013898950445074
2017-03-10,237.64,0.1221869324532413,0.112354026816439,0.341433931289844
2017-03-13,237.75,0.0449193351272384,0.0343886116575633,0.0462777937958993
2017-03-14,236.93,0.1285725276692852,0.1259278997513335,-0.3454962567114114
2017-03-15,238.9,0.1915250506212076,0.1134986592612807,0.8280315473378199
2017-03-16,238.52,0.0968892913223687,0.0907894950634339,-0.1591890076858706
2017-03-17,237.07,0.0648856746319001,0.0647105529107556,-0.6097708079764258
2017-03-20,236.74,0.1087773579423595,0.1122158896556801,-0.1392963649393445
2017-03-21,233.78,0.4956626657364686,0.5164593549925746,-1.2581990346123326
2017-03-22,234.26,0.3135762696512241,0.26731149590339,0.2051107462104215
2017-03-23,234.01,0.2613888152376884,0.22024189142561,-0.1067760154408091
2017-03-24,233.9,0.3753524531629532,0.3900087282925783,-0.0470175897187176
2017-03-27,233.58,0.2013744622894194,0.2313528050119405,-0.1369042739713924
2017-03-28,235.27,0.2362815037792479,0.1892219087349584,0.7209159941908159
2017-03-29,235.59,0.121479467398937,0.1030444069587704,0.135921526256531
2017-03-30,236.27,0.0897370069792866,0.0877513097748243,0.2882212820491284
2017-03-31,235.71,0.115980791840069,0.1173486847982456,-0.237298301954422
2017-04-03,235.37,0.2185266337212808,0.1977833583454343,-0.144349180197538
2017-04-04,235.51,0.1313523552473864,0.1171918462880386,0.0594631346097282
2017-04-05,234.76,0.2828550756313982,0.2316360485003344,-0.3189659709828187
2017-04-06,235.39,0.2729557535789013,0.29899877359879,0.26799973501019
2017-04-07,235.17,0.2173739538977521,0.2382758306173404,-0.0935056171495143
2017-04-10,235.32,0.2351686664512058,0.1545453911781487,0.0637633127514792
2017-04-11,235.04,0.2808467158134305,0.2507760476379652,-0.1190577570688076
2017-04-12,234.1,0.1890415664450787,0.1879332131217628,-0.4007337928702114
2017-04-13,232.54,0.2958060112302064,0.2429945887921231,-0.6686121256402927
2017-04-17,234.57,0.0957538896997865,0.0929524670903197,0.8691797564070233
2017-04-18,233.86,0.1702600615164038,0.1344015448107284,-0.3031405092359795
2017-04-19,233.47,0.1417483256079293,0.1319044627290233,-0.1669056514826234
2017-04-20,235.3,0.1141565149949189,0.0774876701026529,0.7807706535970518
2017-04-21,234.59,0.1605861909750581,0.1289435569366359,-0.3021986168395218
2017-04-24,237.12,0.068249825424859,0.0580163292149526,1.07270325428005
2017-04-25,238.53,0.1026060429897661,0.0859844231069106,0.5928746473779793
2017-04-26,238.44,0.2284012353398188,0.1789721241609311,-0.0377382229776004
2017-04-27,238.61,0.1365842599104885,0.1207383860119443,0.0712713582207794
2017-04-28,238.1,0.0554215729052222,0.0353397406315811,-0.2139666441116585
2017-05-01,238.65,0.0773268456430358,0.0575224545034917,0.2307289959088623
2017-05-02,238.79,0.0631554153985546,0.041651717511138,0.0586461142814058
2017-05-03,238.52,0.0840585216239969,0.097163641150865,-0.1131340339814509
2017-05-04,238.75,0.1646256815806923,0.180848708968065,0.0963815105934534
2017-05-05,239.72,0.0535510152293052,0.0595318494575628,0.4054596229144837
2017-05-08,239.68,0.0560094872427194,0.0491331138227924,-0.0166875261129767
2017-05-09,239.46,0.0849309118284756,0.0551883573716434,-0.0918312040157118
2017-05-10,239.86,0.0397840744130728,0.0396610174244199,0.1669031514877441
2017-05-11,239.41,0.1185873445951001,0.1271367232516703,-0.1877856457687503
2017-05-12,239.03,0.0414014251924736,0.0444419144377107,-0.1588496279178712
2017-05-15,240.25,0.0566578464234706,0.0610207221606063,0.5090980783692959
2017-05-16,240.1,0.0712241211188134,0.0309368278854309,-0.0624544623194341
2017-05-17,235.85,0.4096315505376413,0.3391545337450459,-1.7859493496936902
2017-05-18,236.75,0.4106063156397906,0.3688327186709647,0.380872233591693
2017-05-19,238.3,0.1310388238258823,0.1370267928554197,0.6525652038508944
2017-05-22,239.53,0.0658304822135144,0.0564069474940292,0.514828586210837
2017-05-23,240.03,0.0625740929161225,0.0470931663794157,0.2085245563337264
2017-05-24,240.59,0.0397547577653038,0.037352122767789,0.2330324386913524
2017-05-25,241.71,0.0932113324712281,0.0713400713925815,0.4644420540158525
2017-05-26,241.74,0.0354957682206093,0.045313008401986,0.0124107974096604
2017-05-30,241.52,0.0395280775854679,0.0282983883952026,-0.0910483032727507
2017-05-31,241.42,0.1302536592955633,0.1522430102552813,-0.0414130125602466
2017-06-01,243.33,0.0870621028679355,0.0860179687889023,0.7880391477382063
2017-06-02,244.14,0.0734916737124765,0.0788168183924972,0.3323284491290436
2017-06-05,243.96,0.0358211238552378,0.0396527661023405,-0.0737553813397976
2017-06-06,243.25,0.0685076908009922,0.0679241262025481,-0.2914556362141134
2017-06-07,243.65,0.0853335925588186,0.0801248563611805,0.1643048223400792
2017-06-08,243.77,0.1152365624129078,0.112503101658174,0.0492388504470319
2017-06-09,243.45,0.461982234746158,0.498293535712761,-0.131357516527567
2017-06-12,243.34,0.1824315703770438,0.1912538191190022,-0.0451940269406826
2017-06-13,244.52,0.073152764183679,0.0896445149755788,0.4837462801221568
2017-06-14,244.26,0.1842514605950153,0.1619328418090345,-0.1063873417582239
2017-06-15,243.79,0.1875753807159725,0.189201970423655,-0.1926032764236233
2017-06-16,242.63,0.1021069058633609,0.0814320505612318,-0.4769549767817883
2017-06-19,244.64,0.0547631274363659,0.0391740451411021,0.8250092969863754
2017-06-20,243.03,0.1089796998564671,0.0977386469220991,-0.6602849670242537
2017-06-21,242.95,0.1352308247285655,0.1454546896840063,-0.0329231658597606
2017-06-22,242.83,0.0901109965058333,0.0746753784521961,-0.0494050814940296
2017-06-23,243.15,0.0741364871965226,0.0540291001345389,0.1316926812823021
2017-06-26,243.27,0.1234825957684735,0.1197738161045161,0.0493400774780867
2017-06-27,241.36,0.2176152879974874,0.1507257771821786,-0.7882342773769939
2017-06-28,243.46,0.0903027949717693,0.0755541994184702,0.8663063130644525
2017-06-29,241.39,0.4701892641373227,0.5509520355595015,-0.853877519677157
2017-06-30,241.77,0.2406400617680094,0.1930232170804616,0.1572978219850891
2017-07-03,242.32,0.0883161570214478,0.0821306529492807,0.2272305714452104
2017-07-05,242.77,0.1004198635606065,0.113530427437464,0.1855326348033873
2017-07-06,240.58,0.1862177785396777,0.1909463900687713,-0.906181850108899
2017-07-07,242.1,0.0710626602911798,0.074189885592371,0.6298189378086206
2017-07-10,242.36,0.069144717091764,0.0697496482053437,0.1073360132775681
2017-07-11,242.16,0.2049405351213981,0.1978203321443059,-0.0825559363325158
2017-07-12,243.98,0.0834599807177897,0.0746849562052839,0.7487590007128258
2017-07-13,244.41,0.0493402307865665,0.0437425135017783,0.1760888270068699
2017-07-14,245.54,0.0600942413686977,0.0656072102039281,0.4612723762033743
2017-07-17,245.51,0.0298736293787611,0.026601349768678,-0.0122187150136719
2017-07-18,245.69,0.0673507157858953,0.0545799241805416,0.0732899055607126
2017-07-19,246.99,0.0307360063124689,0.0265783406743557,0.5277271320280098
2017-07-20,247.07,0.1121603443809465,0.1132484416848687,0.0323847308825511
2017-07-21,246.89,0.0435329758023744,0.03417696802387,-0.0728803983996013
2017-07-24,246.81,0.0257629146523699,0.0243039979309606,-0.0324083454325202
2017-07-25,247.39,0.0555094097407368,0.0568227364913314,0.234722892064613
2017-07-26,247.44,0.0791441245174737,0.0722383126277302,0.0202089607219436
2017-07-27,247.22,0.3445563516217375,0.3641699614544498,-0.0889499917137121
2017-07-28,246.9,0.0436968778888274,0.061435074919158,-0.1295232108543264
2017-07-31,246.74,0.0783479910651775,0.0609574704521832,-0.0648245707815222
2017-08-01,247.31,0.0724455529351526,0.083258405099183,0.2307459783048643
2017-08-02,247.435,0.1422861322604167,0.1438029974319042,0.0505310827435492
2017-08-03,246.97,0.0608544382389657,0.0454798777617837,-0.1881049492262249
2017-08-04,247.4,0.1010537674474193,0.1099704965946751,0.1739588196847047
2017-08-07,247.85,0.0144735273280658,0.0161551288448845,0.1817264508195312
2017-08-08,247.29,0.104196606383968,0.0865709068507906,-0.2261987473337033
2017-08-09,247.23,0.1411205614881066,0.1432399408819309,-0.0242659549843975
2017-08-10,243.79,0.2525490307778752,0.2043534532341835,-1.401187846469558
2017-08-11,244.11,0.1571681530580446,0.1683532644073788,0.1311744397969405
2017-08-14,246.52,0.0857415707052039,0.0927038801919784,0.9824182717366712
2017-08-15,246.53,0.0907267948400707,0.0943440458949108,0.0040563837344502
2017-08-16,246.92,0.0687672566896871,0.0758193116100864,0.1580707594308185
2017-08-17,243.13,0.3181795517981475,0.2794453593190352,-1.5468117811753193
2017-08-18,242.68,0.3444650818073035,0.3973959996398931,-0.1852576639844712
2017-08-21,242.93,0.145594716783108,0.1103886599318888,0.1029632923894977
2017-08-22,245.4,0.145026554946054,0.0649008661437356,1.0116196278818903
2017-08-23,244.53,0.1187528005980798,0.1222645558824851,-0.3551531502335304
2017-08-24,244.03,0.2070453807908461,0.1967515661050611,-0.2046832219434346
2017-08-25,244.54,0.1034568188084741,0.0545767651872608,0.2087726161002578
2017-08-28,244.59,0.065499927861586,0.0619870268446982,0.0204444626885265
2017-08-29,244.85,0.1066948081407049,0.1211367255445067,0.1062438805397143
2017-08-30,246.03,0.0806869594658374,0.0652966305773232,0.4807701568103077
2017-08-31,247.43,0.0697559993124292,0.0670594014515095,0.5674234006025549
2017-09-01,247.88,0.0461917282934971,0.0440653523686815,0.1817044371451776
2017-09-05,246.09,0.3271864144239263,0.2778184332166111,-0.7247435411138481
2017-09-06,246.91,0.0744707523600246,0.0626762804356174,0.3326575075795094
2017-09-07,246.89,0.0876180453857167,0.0859003535126024,-0.0081004455289338
2017-09-08,246.56,0.0543594390459406,0.0502991980665248,-0.1337521731468224
2017-09-11,249.18,0.0636440986204218,0.0386910829732556,1.0570155298911652
2017-09-12,250.07,0.0477842070123188,0.0453675391938787,0.3565351798845101
2017-09-13,250.17,0.0401312318715009,0.0456267372364234,0.0399808097441382
2017-09-14,250.1,0.0367761738954159,0.0499591170972471,-0.0279848883430305
2017-09-15,249.25,0.0230671560478163,0.019289647746526,-0.3404429041625642
2017-09-18,249.7,0.0605810249344585,0.0676612731229322,0.1803788443779779
2017-09-19,249.96,0.0420530307111962,0.037764365051003,0.1040707775153554
2017-09-20,250.09,0.087655365735357,0.0540575948284396,0.0519948016913262
2017-09-21,249.4,0.0448189645268456,0.0545114394947139,-0.2762819831858122
2017-09-22,249.43,0.0312938456212592,0.0333313703908081,0.0120281458758146
2017-09-25,248.93,0.1304444060945725,0.1267473722093174,-0.2006582260877725
2017-09-26,249.06,0.0569660380709774,0.0603228943678749,0.0522098849185784
2017-09-27,250.03,0.0909862665051568,0.0904246159302972,0.3887079369820033
2017-09-28,250.34,0.0488658948118295,0.0431639887582769,0.1239083237055173
2017-09-29,251.2,0.0459875633090235,0.0413329501453689,0.3429440694166079
2017-10-02,252.28,0.0547192841127635,0.058407577980155,0.4290147201406941
2017-10-03,252.85,0.0254448179633538,0.0335117544744284,0.2256845730541528
2017-10-04,253.16,0.0594254829650413,0.0642538688770128,0.1225272381112551
2017-10-05,254.65,0.0330706987617304,0.0396271829403609,0.5868353423509005
2017-10-06,254.4,0.0411788851946195,0.0283513308656654,-0.0982221864646581
2017-10-09,253.96,0.0485610548374704,0.0332829679774533,-0.1731057163717947
2017-10-10,254.6,0.0654692207228038,0.0800706076723942,0.2516911821056991
2017-10-11,255.0,0.026366118479673,0.0315422775764962,0.1569859035120052
2017-10-12,254.6,0.0395841927657369,0.0338236933336057,-0.1569859035120017
2017-10-13,254.92,0.0355705731787515,0.034775773836576,0.1256084322787136
2017-10-16,255.3,0.0257474200877877,0.0255121370842937,0.148955380134487
2017-10-17,255.46,0.0205294128430423,0.0161845469983367,0.0626517367192544
2017-10-18,255.69,0.0235480882516323,0.0235630748886626,0.0899931587685242
2017-10-19,255.82,0.0723105131537247,0.065274201334193,0.0508298968931017
2017-10-20,257.09,0.0516233668721647,0.0587502522993898,0.4952145972701284
2017-10-23,256.14,0.0716361198324198,0.0815905542779089,-0.3702048146022724
2017-10-24,256.54,0.0524620739496594,0.0602096309675355,0.1560427873779
2017-10-25,255.3,0.2837334884684764,0.3004574939834736,-0.4845273624266586
2017-10-26,255.59,0.116635388225788,0.1077215138142636,0.1135273859919428
2017-10-27,257.69,0.1060010256206862,0.0923447352406801,0.8182713986238966
2017-10-30,256.8,0.1186442894094072,0.1246238625791485,-0.3459740277790397
2017-10-31,257.11,0.0289042829734079,0.0340234141252888,0.1206437071083051
2017-11-01,257.51,0.0941126514625109,0.0908649697395503,0.1554545414300649
2017-11-02,257.62,0.1988111726585409,0.1172284954748169,0.0427076666751843
2017-11-03,258.45,0.0496615655039355,0.0493123621930952,0.3216620674106439
2017-11-06,258.83,0.0244354466902281,0.021887638368697,0.1469223895593228
2017-11-07,258.7,0.1052811159640867,0.0849356765155709,-0.050238634565824
2017-11-08,259.12,0.0616433726033114,0.0659667142089124,0.1622185671090419
2017-11-09,258.2,0.2304566397193475,0.260978830367392,-0.355679645053176
2017-11-10,258.09,0.0611376616345747,0.0730740015639119,-0.0426117111175779
2017-11-13,258.34,0.0694662811603906,0.0756327331583348,0.0968185502502911
2017-11-14,257.75,0.1105699783596768,0.1214725188073282,-0.2286423906800078
2017-11-15,256.44,0.2479875333843339,0.1443700754462712,-0.5095403778012794
2017-11-16,258.61,0.0621094431473913,0.062077946906366,0.8426416231292227
2017-11-17,257.89,0.0384221559343157,0.0323498131896918,-0.2787997933691797
2017-11-20,258.285,0.0163650556590034,0.0109624919153044,0.1530488989602048
2017-11-21,259.96,0.0358010191748819,0.0325372788546864,0.6464146619889017
2017-11-22,259.77,0.0257691437888623,0.0222824753206087,-0.073114889832863
2017-11-24,260.34,0.0067427012201094,0.0064429453093534,0.2191844910494805
2017-11-27,260.26,0.0566749955441417,0.0445050078776634,-0.0307337689702959
2017-11-28,262.85,0.1332454522394552,0.1438455404602192,0.9902395916846014
2017-11-29,262.73,0.1480132947219145,0.1371269653215522,-0.0456638388390702
2017-11-30,264.88,0.3241810151494778,0.3751113300215902,0.8150004361924408
2017-12-01,264.44,1.2216226101649104,1.4374870251899403,-0.1662510773613414
2017-12-04,264.13,0.1875548162288388,0.1632390507960497,-0.1172976277667645
2017-12-05,263.19,0.151327011203136,0.1533902554583822,-0.3565201379307578
